movie_id,set_id,pair_id,label,aggregated_surprise,aggregated_surprise_all,aggregated_surprise_localized,aggregated_surprise_diagnostic_max,aggregated_surprise_diagnostic_mean,aggregated_surprise_old_all_window_max,motion_energy,condition,property,source,num_windows,differentiable_windows,active_tokens_mean,window_surprises,window_surprises_all,window_surprises_localized,diagnostic_window_flags,matched_movie_id,differentiable,not_measurable
2,O1:01,2,possible,0.6129833459854126,0.6129833459854126,0.6129833459854126,0.6129833459854126,0.5913036346435547,0.6129833459854126,0.013869897462427616,O1,O1,intphys-dev,12,5,1024.0,0.612983 0.594500 0.578306 0.587725 0.583004 0.580264 0.572027 0.599780 0.577158 0.576831 0.585041 0.593947,0.612983 0.594500 0.578306 0.587725 0.583004 0.580264 0.572027 0.599780 0.577158 0.576831 0.585041 0.593947,0.612983 0.594500 0.578306 0.587725 0.583004 0.580264 0.572027 0.599780 0.577158 0.576831 0.585041 0.593947,1 1 1 1 1 0 0 0 0 0 0 0,3,True,False
3,O1:01,2,impossible,0.6143321990966797,0.6143321990966797,0.6143321990966797,0.6143321990966797,0.5890202522277832,0.6143321990966797,0.013464564457535744,O1,O1,intphys-dev,12,5,1024.0,0.614332 0.593594 0.578494 0.578904 0.579776 0.587419 0.572027 0.599780 0.577158 0.576831 0.585041 0.593947,0.614332 0.593594 0.578494 0.578904 0.579776 0.587419 0.572027 0.599780 0.577158 0.576831 0.585041 0.593947,0.614332 0.593594 0.578494 0.578904 0.579776 0.587419 0.572027 0.599780 0.577158 0.576831 0.585041 0.593947,1 1 1 1 1 0 0 0 0 0 0 0,2,True,False
4,O1:01,4,possible,0.6143321990966797,0.6143321990966797,0.6143321990966797,0.6143321990966797,0.5890202522277832,0.6143321990966797,0.013007940724492073,O1,O1,intphys-dev,12,5,1024.0,0.614332 0.593594 0.578494 0.578904 0.579776 0.573085 0.571228 0.605028 0.577691 0.577603 0.583863 0.594845,0.614332 0.593594 0.578494 0.578904 0.579776 0.573085 0.571228 0.605028 0.577691 0.577603 0.583863 0.594845,0.614332 0.593594 0.578494 0.578904 0.579776 0.573085 0.571228 0.605028 0.577691 0.577603 0.583863 0.594845,1 1 1 1 1 0 0 0 0 0 0 0,1,True,False
1,O1:01,4,impossible,0.6129833459854126,0.6129833459854126,0.6129833459854126,0.6129833459854126,0.5913036346435547,0.6129833459854126,0.013413350097835064,O1,O1,intphys-dev,12,5,1024.0,0.612983 0.594500 0.578306 0.587725 0.583004 0.572693 0.571228 0.605028 0.577691 0.577603 0.583863 0.594845,0.612983 0.594500 0.578306 0.587725 0.583004 0.572693 0.571228 0.605028 0.577691 0.577603 0.583863 0.594845,0.612983 0.594500 0.578306 0.587725 0.583004 0.572693 0.571228 0.605028 0.577691 0.577603 0.583863 0.594845,1 1 1 1 1 0 0 0 0 0 0 0,4,True,False
1,O1:02,1,possible,0.6133566498756409,0.5804970860481262,0.6133566498756409,0.6133566498756409,0.5831780632336935,0.5804970860481262,0.0024633200373500586,O1,O1,intphys-dev,12,3,512.0,0.558256 0.558256 0.558256 0.572070 0.613357 0.575911 0.560266 0.563132 0.562373 0.555544 0.552768 0.558256,0.558256 0.558256 0.558256 0.572070 0.580497 0.575911 0.567296 0.563132 0.562373 0.555544 0.552768 0.558256,0.558256 0.558256 0.558256 0.572070 0.613357 0.575911 0.560266 0.563132 0.562373 0.555544 0.552768 0.558256,0 0 0 0 1 1 1 0 0 0 0 0,3,True,False
3,O1:02,1,impossible,0.6057568788528442,0.5789127945899963,0.6057568788528442,0.6057568788528442,0.5845056176185608,0.5789127945899963,0.0020811131689697504,O1,O1,intphys-dev,12,3,512.0,0.558256 0.558256 0.558256 0.572070 0.605757 0.572253 0.575507 0.561547 0.562373 0.555544 0.552768 0.558256,0.558256 0.558256 0.558256 0.572070 0.575673 0.572253 0.578913 0.561547 0.562373 0.555544 0.552768 0.558256,0.558256 0.558256 0.558256 0.572070 0.605757 0.572253 0.575507 0.561547 0.562373 0.555544 0.552768 0.558256,0 0 0 0 1 1 1 0 0 0 0 0,1,True,False
4,O1:02,4,possible,0.6218487024307251,0.5850275754928589,0.6218487024307251,0.6218487024307251,0.5910365978876749,0.5850275754928589,0.0014425189001485705,O1,O1,intphys-dev,12,3,512.0,0.558218 0.558218 0.558218 0.557598 0.621849 0.585028 0.566234 0.568160 0.560750 0.555942 0.553675 0.558218,0.558218 0.558218 0.558218 0.557598 0.582537 0.585028 0.574209 0.568160 0.560750 0.555942 0.553675 0.558218,0.558218 0.558218 0.558218 0.557598 0.621849 0.585028 0.566234 0.568160 0.560750 0.555942 0.553675 0.558218,0 0 0 0 1 1 1 0 0 0 0 0,2,True,False
2,O1:02,4,impossible,0.629968523979187,0.5834484100341797,0.629968523979187,0.629968523979187,0.5926279226938883,0.5834484100341797,0.001858794130384922,O1,O1,intphys-dev,12,3,512.0,0.558218 0.558218 0.558218 0.557598 0.629969 0.581884 0.566031 0.561210 0.560750 0.555942 0.553675 0.558218,0.558218 0.558218 0.558218 0.557598 0.583448 0.581884 0.564494 0.561210 0.560750 0.555942 0.553675 0.558218,0.558218 0.558218 0.558218 0.557598 0.629969 0.581884 0.566031 0.561210 0.560750 0.555942 0.553675 0.558218,0 0 0 0 1 1 1 0 0 0 0 0,4,True,False
1,O1:03,1,possible,0.5840713977813721,0.5892691612243652,0.5840713977813721,0.5840713977813721,0.5839432775974274,0.5892691612243652,0.0037888335064053535,O1,O1,intphys-dev,12,2,896.0,0.584071 0.583815 0.581604 0.573060 0.572070 0.575435 0.569273 0.585660 0.571594 0.574227 0.573953 0.577540,0.584071 0.589269 0.581604 0.573060 0.572070 0.575435 0.569273 0.585660 0.571594 0.574227 0.573953 0.577540,0.584071 0.583815 0.581604 0.573060 0.572070 0.575435 0.569273 0.585660 0.571594 0.574227 0.573953 0.577540,1 1 0 0 0 0 0 0 0 0 0 0,2,True,False
2,O1:03,1,impossible,0.5830080509185791,0.5864424705505371,0.5830080509185791,0.5830080509185791,0.5817453563213348,0.5864424705505371,0.0037895345594733953,O1,O1,intphys-dev,12,2,896.0,0.583008 0.580483 0.581239 0.573060 0.572070 0.575435 0.569273 0.585660 0.571594 0.574227 0.573953 0.577540,0.583008 0.586442 0.581239 0.573060 0.572070 0.575435 0.569273 0.585660 0.571594 0.574227 0.573953 0.577540,0.583008 0.580483 0.581239 0.573060 0.572070 0.575435 0.569273 0.585660 0.571594 0.574227 0.573953 0.577540,1 1 0 0 0 0 0 0 0 0 0 0,1,True,False
3,O1:03,3,possible,0.5830080509185791,0.5867244005203247,0.5830080509185791,0.5830080509185791,0.5821428000926971,0.5867244005203247,0.0037911024410277605,O1,O1,intphys-dev,12,2,896.0,0.583008 0.581278 0.581117 0.574362 0.573868 0.574090 0.569585 0.584177 0.571646 0.573266 0.573609 0.581620,0.583008 0.586724 0.581117 0.574362 0.573868 0.574090 0.569585 0.584177 0.571646 0.573266 0.573609 0.581620,0.583008 0.581278 0.581117 0.574362 0.573868 0.574090 0.569585 0.584177 0.571646 0.573266 0.573609 0.581620,1 1 0 0 0 0 0 0 0 0 0 0,4,True,False
4,O1:03,3,impossible,0.5847453474998474,0.589748740196228,0.5847453474998474,0.5847453474998474,0.5844083726406097,0.589748740196228,0.0037903636693954468,O1,O1,intphys-dev,12,2,896.0,0.584071 0.584745 0.580968 0.574362 0.573868 0.574090 0.569585 0.584177 0.571646 0.573266 0.573609 0.581620,0.584071 0.589749 0.580968 0.574362 0.573868 0.574090 0.569585 0.584177 0.571646 0.573266 0.573609 0.581620,0.584071 0.584745 0.580968 0.574362 0.573868 0.574090 0.569585 0.584177 0.571646 0.573266 0.573609 0.581620,1 1 0 0 0 0 0 0 0 0 0 0,3,True,False
1,O1:04,1,possible,0.619540810585022,0.619540810585022,0.619540810585022,0.619540810585022,0.586813360452652,0.619540810585022,0.018362466245889664,O1,O1,intphys-dev,12,6,896.0,0.619541 0.595245 0.573903 0.574642 0.583159 0.574390 0.575105 0.587492 0.576096 0.572098 0.578928 0.595582,0.619541 0.595245 0.573903 0.574642 0.583159 0.582853 0.575105 0.587492 0.576096 0.572098 0.578928 0.595582,0.619541 0.595245 0.573903 0.574642 0.583159 0.574390 0.575105 0.587492 0.576096 0.572098 0.578928 0.595582,1 1 1 1 1 1 0 0 0 0 0 0,2,True,False
2,O1:04,1,impossible,0.6200385689735413,0.6200385093688965,0.6200385689735413,0.6200385689735413,0.5847901701927185,0.6200385093688965,0.018113020807504654,O1,O1,intphys-dev,12,6,896.0,0.620039 0.594546 0.572927 0.568087 0.577379 0.575762 0.574957 0.587492 0.576096 0.572098 0.578928 0.595582,0.620039 0.594546 0.572927 0.568087 0.577379 0.583724 0.574957 0.587492 0.576096 0.572098 0.578928 0.595582,0.620039 0.594546 0.572927 0.568087 0.577379 0.575762 0.574957 0.587492 0.576096 0.572098 0.578928 0.595582,1 1 1 1 1 1 0 0 0 0 0 0,1,True,False
4,O1:04,4,possible,0.6200385689735413,0.6200385093688965,0.6200385689735413,0.6200385689735413,0.5843296448389689,0.6200385093688965,0.01784268207848072,O1,O1,intphys-dev,12,6,896.0,0.620039 0.594546 0.572927 0.568087 0.577379 0.572999 0.576742 0.588241 0.577379 0.572855 0.579318 0.596786,0.620039 0.594546 0.572927 0.568087 0.577379 0.577980 0.576742 0.588241 0.577379 0.572855 0.579318 0.596786,0.620039 0.594546 0.572927 0.568087 0.577379 0.572999 0.576742 0.588241 0.577379 0.572855 0.579318 0.596786,1 1 1 1 1 1 0 0 0 0 0 0,3,True,False
3,O1:04,4,impossible,0.619540810585022,0.619540810585022,0.619540810585022,0.619540810585022,0.5871609350045522,0.619540810585022,0.018092259764671326,O1,O1,intphys-dev,12,6,896.0,0.619541 0.595245 0.573903 0.574642 0.583159 0.576476 0.575619 0.588241 0.577379 0.572855 0.579318 0.596786,0.619541 0.595245 0.573903 0.574642 0.583159 0.580301 0.575619 0.588241 0.577379 0.572855 0.579318 0.596786,0.619541 0.595245 0.573903 0.574642 0.583159 0.576476 0.575619 0.588241 0.577379 0.572855 0.579318 0.596786,1 1 1 1 1 1 0 0 0 0 0 0,4,True,False
3,O1:05,3,possible,0.5951768755912781,0.6253349781036377,0.5951768755912781,0.5951768755912781,0.5850358605384827,0.6253349781036377,0.015709873288869858,O1,O1,intphys-dev,12,6,938.6666666666666,0.625335 0.596283 0.576636 0.582020 0.582563 0.581115 0.570251 0.594932 0.583885 0.581301 0.584670 0.595177,0.625335 0.596283 0.576636 0.582020 0.582563 0.581115 0.566653 0.594932 0.583884 0.581301 0.584670 0.595177,0.625335 0.596283 0.576636 0.582020 0.582563 0.581115 0.570251 0.594932 0.583885 0.581301 0.584670 0.595177,0 0 0 0 0 0 1 1 1 1 1 1,2,True,False
2,O1:05,3,impossible,0.5986001491546631,0.6253349781036377,0.5986001491546631,0.5986001491546631,0.5856553514798483,0.6253349781036377,0.016007868573069572,O1,O1,intphys-dev,12,6,938.6666666666666,0.625335 0.596283 0.576636 0.582020 0.582563 0.581115 0.569522 0.598600 0.585129 0.581424 0.583928 0.595328,0.625335 0.596283 0.576636 0.582020 0.582563 0.581115 0.566003 0.598600 0.585129 0.581424 0.583928 0.595328,0.625335 0.596283 0.576636 0.582020 0.582563 0.581115 0.569522 0.598600 0.585129 0.581424 0.583928 0.595328,0 0 0 0 0 0 1 1 1 1 1 1,3,True,False
4,O1:05,4,possible,0.5953279733657837,0.6250112652778625,0.5953279733657837,0.5953279733657837,0.5856176614761353,0.6250112652778625,0.016281720250844955,O1,O1,intphys-dev,12,6,938.6666666666666,0.625011 0.595195 0.577517 0.581502 0.583150 0.582166 0.573692 0.594204 0.585129 0.581424 0.583928 0.595328,0.625011 0.595195 0.577517 0.581502 0.583150 0.582166 0.569481 0.594204 0.585129 0.581424 0.583928 0.595328,0.625011 0.595195 0.577517 0.581502 0.583150 0.582166 0.573692 0.594204 0.585129 0.581424 0.583928 0.595328,0 0 0 0 0 0 1 1 1 1 1 1,1,True,False
1,O1:05,4,impossible,0.5951768755912781,0.6250112652778625,0.5951768755912781,0.5951768755912781,0.585125207901001,0.6250112652778625,0.015983937308192253,O1,O1,intphys-dev,12,6,938.6666666666666,0.625011 0.595195 0.577517 0.581502 0.583150 0.582166 0.574766 0.590954 0.583885 0.581301 0.584670 0.595177,0.625011 0.595195 0.577517 0.581502 0.583150 0.582166 0.570509 0.590954 0.583884 0.581301 0.584670 0.595177,0.625011 0.595195 0.577517 0.581502 0.583150 0.582166 0.574766 0.590954 0.583885 0.581301 0.584670 0.595177,0 0 0 0 0 0 1 1 1 1 1 1,4,True,False
2,O1:06,2,possible,0.5833508968353271,0.6024583578109741,0.5833508968353271,0.5833508968353271,0.5747981667518616,0.6024583578109741,0.012345506809651852,O1,O1,intphys-dev,12,2,512.0,0.602458 0.589350 0.582198 0.581803 0.583351 0.566245 0.562642 0.587976 0.574707 0.575071 0.581706 0.592644,0.602458 0.589350 0.582198 0.581803 0.574367 0.574613 0.562642 0.587976 0.574707 0.575071 0.581706 0.592644,0.602458 0.589350 0.582198 0.581803 0.583351 0.566245 0.562642 0.587976 0.574707 0.575071 0.581706 0.592644,0 0 0 0 1 1 0 0 0 0 0 0,4,True,False
4,O1:06,2,impossible,0.5821124315261841,0.6024583578109741,0.5821124315261841,0.5821124315261841,0.5736597776412964,0.6024583578109741,0.012254917994141579,O1,O1,intphys-dev,12,2,512.0,0.602458 0.589350 0.582198 0.581803 0.582112 0.565207 0.565763 0.587976 0.574707 0.575071 0.581706 0.592644,0.602458 0.589350 0.582198 0.581803 0.573920 0.575694 0.565763 0.587976 0.574707 0.575071 0.581706 0.592644,0.602458 0.589350 0.582198 0.581803 0.582112 0.565207 0.565763 0.587976 0.574707 0.575071 0.581706 0.592644,0 0 0 0 1 1 0 0 0 0 0 0,2,True,False
3,O1:06,3,possible,0.5818513631820679,0.602980375289917,0.5818513631820679,0.5818513631820679,0.5744929909706116,0.602980375289917,0.011719678528606892,O1,O1,intphys-dev,12,2,512.0,0.602980 0.589991 0.582565 0.579153 0.581851 0.567135 0.562774 0.588731 0.575288 0.573933 0.582162 0.592257,0.602980 0.589991 0.582565 0.579153 0.572102 0.574928 0.562774 0.588731 0.575288 0.573933 0.582162 0.592257,0.602980 0.589991 0.582565 0.579153 0.581851 0.567135 0.562774 0.588731 0.575288 0.573933 0.582162 0.592257,0 0 0 0 1 1 0 0 0 0 0 0,1,True,False
1,O1:06,3,impossible,0.583865761756897,0.602980375289917,0.583865761756897,0.583865761756897,0.5771192908287048,0.602980375289917,0.011810344643890858,O1,O1,intphys-dev,12,2,512.0,0.602980 0.589991 0.582565 0.579153 0.583866 0.570373 0.559810 0.588731 0.575288 0.573933 0.582162 0.592257,0.602980 0.589991 0.582565 0.579153 0.572347 0.576164 0.559810 0.588731 0.575288 0.573933 0.582162 0.592257,0.602980 0.589991 0.582565 0.579153 0.583866 0.570373 0.559810 0.588731 0.575288 0.573933 0.582162 0.592257,0 0 0 0 1 1 0 0 0 0 0 0,3,True,False
1,O1:07,1,possible,0.5822474360466003,0.5675147175788879,0.5822474360466003,0.5822474360466003,0.5700623869895936,0.5675147175788879,0.0011740265181288123,O1,O1,intphys-dev,12,5,870.4,0.567515 0.567515 0.567515 0.565520 0.565520 0.565520 0.565520 0.582247 0.565520 0.567515 0.567515 0.567515,0.567515 0.567515 0.567515 0.565520 0.565520 0.565520 0.565520 0.565520 0.565520 0.567515 0.567515 0.567515,0.567515 0.567515 0.567515 0.565520 0.565520 0.565520 0.565520 0.582247 0.565520 0.567515 0.567515 0.567515,0 0 0 0 0 0 0 1 1 1 1 1,2,True,False
2,O1:07,1,impossible,0.6190166473388672,0.584246039390564,0.6190166473388672,0.6190166473388672,0.5772152304649353,0.584246039390564,0.0012733876938000321,O1,O1,intphys-dev,12,5,870.4,0.567515 0.567515 0.567515 0.565520 0.565520 0.565520 0.565520 0.619017 0.574924 0.564225 0.561576 0.566334,0.567515 0.567515 0.567515 0.565520 0.565520 0.565520 0.565520 0.584246 0.574924 0.564225 0.561576 0.566334,0.567515 0.567515 0.567515 0.565520 0.565520 0.565520 0.565520 0.619017 0.574924 0.564225 0.561576 0.566334,0 0 0 0 0 0 0 1 1 1 1 1,1,True,False
3,O1:07,3,possible,0.5961264371871948,0.6018081307411194,0.5961264371871948,0.5961264371871948,0.5718623399734497,0.6018081307411194,0.0014715846627950668,O1,O1,intphys-dev,12,5,870.4,0.566334 0.566334 0.566334 0.565252 0.601808 0.585499 0.578889 0.596126 0.570009 0.565266 0.561576 0.566334,0.566334 0.566334 0.566334 0.565252 0.601808 0.585499 0.578889 0.576277 0.570009 0.565266 0.561576 0.566334,0.566334 0.566334 0.566334 0.565252 0.601808 0.585499 0.578889 0.596126 0.570009 0.565266 0.561576 0.566334,0 0 0 0 0 0 0 1 1 1 1 1,4,True,False
4,O1:07,3,impossible,0.5895670652389526,0.6018081307411194,0.5895670652389526,0.5895670652389526,0.5684835076332092,0.6018081307411194,0.001378693850710988,O1,O1,intphys-dev,12,5,870.4,0.566334 0.566334 0.566334 0.565252 0.601808 0.585499 0.578889 0.589567 0.558802 0.559019 0.567515 0.567515,0.566334 0.566334 0.566334 0.565252 0.601808 0.585499 0.578889 0.572156 0.558802 0.559019 0.567515 0.567515,0.566334 0.566334 0.566334 0.565252 0.601808 0.585499 0.578889 0.589567 0.558802 0.559019 0.567515 0.567515,0 0 0 0 0 0 0 1 1 1 1 1,3,True,False
1,O1:08,1,possible,0.5871394872665405,0.5871394872665405,0.5871394872665405,0.5871394872665405,0.5669799532209124,0.5871394872665405,0.0028588047716766596,O1,O1,intphys-dev,12,7,950.8571428571429,0.581905 0.577833 0.572134 0.566348 0.567965 0.562262 0.557497 0.587139 0.569690 0.565384 0.564978 0.561910,0.581905 0.577833 0.572134 0.566348 0.567965 0.558839 0.557497 0.587139 0.569690 0.565384 0.564978 0.561910,0.581905 0.577833 0.572134 0.566348 0.567965 0.562262 0.557497 0.587139 0.569690 0.565384 0.564978 0.561910,0 0 0 0 0 1 1 1 1 1 1 1,2,True,False
2,O1:08,1,impossible,0.588936984539032,0.5889370441436768,0.588936984539032,0.588936984539032,0.5715749093464443,0.5889370441436768,0.0028653345070779324,O1,O1,intphys-dev,12,7,950.8571428571429,0.581905 0.577833 0.572134 0.566348 0.567965 0.561231 0.557439 0.587561 0.571070 0.565694 0.569093 0.588937,0.581905 0.577833 0.572134 0.566348 0.567965 0.558055 0.557439 0.587561 0.571070 0.565694 0.569093 0.588937,0.581905 0.577833 0.572134 0.566348 0.567965 0.561231 0.557439 0.587561 0.571070 0.565694 0.569093 0.588937,0 0 0 0 0 1 1 1 1 1 1 1,1,True,False
3,O1:08,3,possible,0.588936984539032,0.5889370441436768,0.588936984539032,0.588936984539032,0.5716466563088554,0.5889370441436768,0.002872223500162363,O1,O1,intphys-dev,12,7,950.8571428571429,0.582403 0.580350 0.570890 0.564740 0.567272 0.560727 0.558445 0.587561 0.571070 0.565694 0.569093 0.588937,0.582403 0.580350 0.570890 0.564740 0.567272 0.557176 0.558445 0.587561 0.571070 0.565694 0.569093 0.588937,0.582403 0.580350 0.570890 0.564740 0.567272 0.560727 0.558445 0.587561 0.571070 0.565694 0.569093 0.588937,0 0 0 0 0 1 1 1 1 1 1 1,4,True,False
4,O1:08,3,impossible,0.5871394872665405,0.5871394872665405,0.5871394872665405,0.5871394872665405,0.5667195745876857,0.5871394872665405,0.0028656639624387026,O1,O1,intphys-dev,12,7,950.8571428571429,0.582403 0.580350 0.570890 0.564740 0.567272 0.561923 0.556013 0.587139 0.569690 0.565384 0.564978 0.561910,0.582403 0.580350 0.570890 0.564740 0.567272 0.557395 0.556013 0.587139 0.569690 0.565384 0.564978 0.561910,0.582403 0.580350 0.570890 0.564740 0.567272 0.561923 0.556013 0.587139 0.569690 0.565384 0.564978 0.561910,0 0 0 0 0 1 1 1 1 1 1 1,3,True,False
2,O1:09,2,possible,0.5972539186477661,0.6241523027420044,0.5972539186477661,0.5972539186477661,0.5865397850672404,0.6241523027420044,0.015560670755803585,O1,O1,intphys-dev,12,6,1024.0,0.624152 0.594110 0.577767 0.576020 0.586471 0.578675 0.577467 0.597254 0.584753 0.581042 0.584450 0.594272,0.624152 0.594110 0.577767 0.576020 0.586471 0.578675 0.577467 0.597254 0.584753 0.581042 0.584450 0.594272,0.624152 0.594110 0.577767 0.576020 0.586471 0.578675 0.577467 0.597254 0.584753 0.581042 0.584450 0.594272,0 0 0 0 0 0 1 1 1 1 1 1,4,True,False
4,O1:09,2,impossible,0.6010674238204956,0.6241523027420044,0.6010674238204956,0.6010674238204956,0.5855583449204763,0.6241523027420044,0.015303235501050949,O1,O1,intphys-dev,12,6,1024.0,0.624152 0.594110 0.577767 0.576020 0.586471 0.578675 0.568309 0.601067 0.583731 0.580874 0.584180 0.595189,0.624152 0.594110 0.577767 0.576020 0.586471 0.578675 0.568309 0.601067 0.583731 0.580874 0.584180 0.595189,0.624152 0.594110 0.577767 0.576020 0.586471 0.578675 0.568309 0.601067 0.583731 0.580874 0.584180 0.595189,0 0 0 0 0 0 1 1 1 1 1 1,2,True,False
3,O1:09,3,possible,0.6007342338562012,0.6259011030197144,0.6007342338562012,0.6007342338562012,0.5851117670536041,0.6259011030197144,0.015073093585669994,O1,O1,intphys-dev,12,6,1024.0,0.625901 0.595448 0.578369 0.576407 0.577771 0.576345 0.565963 0.600734 0.583731 0.580874 0.584180 0.595189,0.625901 0.595448 0.578369 0.576407 0.577771 0.576345 0.565963 0.600734 0.583731 0.580874 0.584180 0.595189,0.625901 0.595448 0.578369 0.576407 0.577771 0.576345 0.565963 0.600734 0.583731 0.580874 0.584180 0.595189,0 0 0 0 0 0 1 1 1 1 1 1,1,True,False
1,O1:09,3,impossible,0.5967575311660767,0.6259011030197144,0.5967575311660767,0.5967575311660767,0.5884101092815399,0.6259011030197144,0.0153307830914855,O1,O1,intphys-dev,12,6,1024.0,0.625901 0.595448 0.578369 0.576407 0.577771 0.576345 0.589185 0.596758 0.584753 0.581042 0.584450 0.594272,0.625901 0.595448 0.578369 0.576407 0.577771 0.576345 0.589185 0.596758 0.584753 0.581042 0.584450 0.594272,0.625901 0.595448 0.578369 0.576407 0.577771 0.576345 0.589185 0.596758 0.584753 0.581042 0.584450 0.594272,0 0 0 0 0 0 1 1 1 1 1 1,3,True,False
2,O1:10,2,possible,0.5774725675582886,0.5774725675582886,0.5774725675582886,0.5774725675582886,0.5577459534009298,0.5774725675582886,0.0018454068340361118,O1,O1,intphys-dev,12,6,938.6666666666666,0.555069 0.555069 0.555069 0.553937 0.577473 0.549858 0.562365 0.552682 0.545725 0.555069 0.555069 0.555069,0.555069 0.555069 0.555069 0.553937 0.577473 0.561305 0.562365 0.552682 0.545725 0.555069 0.555069 0.555069,0.555069 0.555069 0.555069 0.553937 0.577473 0.549858 0.562365 0.552682 0.545725 0.555069 0.555069 0.555069,1 1 1 1 1 1 0 0 0 0 0 0,4,True,False
4,O1:10,2,impossible,0.5717008709907532,0.5851141214370728,0.5717008709907532,0.5717008709907532,0.5575606723626455,0.5851141214370728,0.0015906014014035463,O1,O1,intphys-dev,12,6,938.6666666666666,0.553944 0.553944 0.553944 0.555915 0.555915 0.571701 0.561233 0.552682 0.545725 0.555069 0.555069 0.555069,0.553944 0.553944 0.553944 0.555915 0.555915 0.585114 0.561233 0.552682 0.545725 0.555069 0.555069 0.555069,0.553944 0.553944 0.553944 0.555915 0.555915 0.571701 0.561233 0.552682 0.545725 0.555069 0.555069 0.555069,1 1 1 1 1 1 0 0 0 0 0 0,2,True,False
3,O1:10,3,possible,0.5559154152870178,0.5559154152870178,0.5559154152870178,0.5559154152870178,0.553855319817861,0.5559154152870178,0.0011522979475557804,O1,O1,intphys-dev,12,6,938.6666666666666,0.553944 0.553944 0.553944 0.555915 0.555915 0.549469 0.555915 0.555915 0.555915 0.553944 0.553944 0.553944,0.553944 0.553944 0.553944 0.555915 0.555915 0.555915 0.555915 0.555915 0.555915 0.553944 0.553944 0.553944,0.553944 0.553944 0.553944 0.555915 0.555915 0.549469 0.555915 0.555915 0.555915 0.553944 0.553944 0.553944,1 1 1 1 1 1 0 0 0 0 0 0,1,True,False
1,O1:10,3,impossible,0.5774725675582886,0.5774725675582886,0.5774725675582886,0.5774725675582886,0.5576751530170441,0.5774725675582886,0.001416200422681868,O1,O1,intphys-dev,12,6,938.6666666666666,0.555069 0.555069 0.555069 0.553937 0.577473 0.549433 0.544610 0.555915 0.555915 0.553944 0.553944 0.553944,0.555069 0.555069 0.555069 0.553937 0.577473 0.551985 0.544610 0.555915 0.555915 0.553944 0.553944 0.553944,0.555069 0.555069 0.555069 0.553937 0.577473 0.549433 0.544610 0.555915 0.555915 0.553944 0.553944 0.553944,1 1 1 1 1 1 0 0 0 0 0 0,3,True,False
1,O1:11,1,possible,0.5696024894714355,0.5620825886726379,0.5696024894714355,0.5696024894714355,0.5623769313097,0.5620825886726379,0.0011520442785695195,O1,O1,intphys-dev,12,4,832.0,0.559968 0.559968 0.559968 0.562083 0.562083 0.562083 0.562083 0.562083 0.569602 0.559968 0.559968 0.559968,0.559968 0.559968 0.559968 0.562083 0.562083 0.562083 0.562083 0.562083 0.562083 0.559968 0.559968 0.559968,0.559968 0.559968 0.559968 0.562083 0.562083 0.562083 0.562083 0.562083 0.569602 0.559968 0.559968 0.559968,0 0 0 0 0 0 0 0 1 1 1 1,4,True,False
4,O1:11,1,impossible,0.5856095552444458,0.564098596572876,0.5856095552444458,0.5856095552444458,0.5672598630189896,0.564098596572876,0.0011775651946663857,O1,O1,intphys-dev,12,4,832.0,0.559968 0.559968 0.559968 0.562083 0.562083 0.562083 0.562083 0.562083 0.585610 0.564099 0.560544 0.558787,0.559968 0.559968 0.559968 0.562083 0.562083 0.562083 0.562083 0.562083 0.563884 0.564099 0.560544 0.558787,0.559968 0.559968 0.559968 0.562083 0.562083 0.562083 0.562083 0.562083 0.585610 0.564099 0.560544 0.558787,0 0 0 0 0 0 0 0 1 1 1 1,1,True,False
3,O1:11,3,possible,0.574216365814209,0.5590762495994568,0.574216365814209,0.574216365814209,0.5626446008682251,0.5590762495994568,0.0011555396486073732,O1,O1,intphys-dev,12,4,832.0,0.558787 0.558787 0.558787 0.559076 0.559076 0.559076 0.559076 0.559076 0.574216 0.558787 0.558787 0.558787,0.558787 0.558787 0.558787 0.559076 0.559076 0.559076 0.559076 0.559076 0.559076 0.558787 0.558787 0.558787,0.558787 0.558787 0.558787 0.559076 0.559076 0.559076 0.559076 0.559076 0.574216 0.558787 0.558787 0.558787,0 0 0 0 0 0 0 0 1 1 1 1,2,True,False
2,O1:11,3,impossible,0.6139363050460815,0.5767881274223328,0.6139363050460815,0.6139363050460815,0.5773463547229767,0.5767881274223328,0.001179441693238914,O1,O1,intphys-dev,12,4,832.0,0.558787 0.558787 0.558787 0.559076 0.559076 0.559076 0.559076 0.559076 0.613936 0.576788 0.558693 0.559968,0.558787 0.558787 0.558787 0.559076 0.559076 0.559076 0.559076 0.559076 0.572271 0.576788 0.558693 0.559968,0.558787 0.558787 0.558787 0.559076 0.559076 0.559076 0.559076 0.559076 0.613936 0.576788 0.558693 0.559968,0 0 0 0 0 0 0 0 1 1 1 1,3,True,False
3,O1:12,3,possible,0.590691089630127,0.5792676210403442,0.590691089630127,0.590691089630127,0.5751494765281677,0.5792676210403442,0.002188525628298521,O1,O1,intphys-dev,12,3,768.0,0.558256 0.558256 0.558256 0.558889 0.590691 0.572034 0.562723 0.564450 0.552336 0.552160 0.558256 0.558256,0.558256 0.558256 0.558256 0.558889 0.579268 0.572034 0.572409 0.564450 0.552336 0.552160 0.558256 0.558256,0.558256 0.558256 0.558256 0.558889 0.590691 0.572034 0.562723 0.564450 0.552336 0.552160 0.558256 0.558256,0 0 0 0 1 1 1 0 0 0 0 0,2,True,False
2,O1:12,3,impossible,0.5774869322776794,0.5758519768714905,0.5774869322776794,0.5774869322776794,0.5692542195320129,0.5758519768714905,0.0018082635942846537,O1,O1,intphys-dev,12,3,768.0,0.558256 0.558256 0.558256 0.558889 0.577487 0.565582 0.564693 0.563286 0.552336 0.552160 0.558256 0.558256,0.558256 0.558256 0.558256 0.558889 0.573193 0.565582 0.575852 0.563286 0.552336 0.552160 0.558256 0.558256,0.558256 0.558256 0.558256 0.558889 0.577487 0.565582 0.564693 0.563286 0.552336 0.552160 0.558256 0.558256,0 0 0 0 1 1 1 0 0 0 0 0,3,True,False
4,O1:12,4,possible,0.5790442228317261,0.5790442228317261,0.5790442228317261,0.5790442228317261,0.5667883356412252,0.5790442228317261,0.0015828938921913505,O1,O1,intphys-dev,12,3,768.0,0.558218 0.558218 0.558218 0.557598 0.563495 0.579044 0.557826 0.570296 0.555501 0.551394 0.558218 0.558218,0.558218 0.558218 0.558218 0.557598 0.557711 0.579044 0.568143 0.570296 0.555501 0.551394 0.558218 0.558218,0.558218 0.558218 0.558218 0.557598 0.563495 0.579044 0.557826 0.570296 0.555501 0.551394 0.558218 0.558218,0 0 0 0 1 1 1 0 0 0 0 0,1,True,False
1,O1:12,4,impossible,0.5891072154045105,0.5741065740585327,0.5891072154045105,0.5891072154045105,0.574324349562327,0.5741065740585327,0.001970948651432991,O1,O1,intphys-dev,12,3,768.0,0.558218 0.558218 0.558218 0.557598 0.589107 0.573360 0.560506 0.565130 0.555501 0.551394 0.558218 0.558218,0.558218 0.558218 0.558218 0.557598 0.574107 0.573360 0.567771 0.565130 0.555501 0.551394 0.558218 0.558218,0.558218 0.558218 0.558218 0.557598 0.589107 0.573360 0.560506 0.565130 0.555501 0.551394 0.558218 0.558218,0 0 0 0 1 1 1 0 0 0 0 0,4,True,False
2,O1:13,2,possible,0.579426646232605,0.5789846181869507,0.579426646232605,0.579426646232605,0.5782502492268881,0.5789846181869507,0.0012091918615624309,O1,O1,intphys-dev,12,3,768.0,0.577387 0.577758 0.577653 0.578985 0.578985 0.578985 0.578985 0.578985 0.578985 0.579427 0.577662 0.577662,0.577387 0.577758 0.577653 0.578985 0.578985 0.578985 0.578985 0.578985 0.578985 0.577662 0.577662 0.577662,0.577387 0.577758 0.577653 0.578985 0.578985 0.578985 0.578985 0.578985 0.578985 0.579427 0.577662 0.577662,0 0 0 0 0 0 0 0 0 1 1 1,4,True,False
4,O1:13,2,impossible,0.5953806638717651,0.5829588770866394,0.5953806638717651,0.5953806638717651,0.5820731321970621,0.5829588770866394,0.001219397527165711,O1,O1,intphys-dev,12,3,768.0,0.577387 0.577758 0.577653 0.578985 0.578985 0.578985 0.578985 0.578985 0.578985 0.595381 0.577430 0.573408,0.577387 0.577758 0.577653 0.578985 0.578985 0.578985 0.578985 0.578985 0.578985 0.582959 0.577430 0.573409,0.577387 0.577758 0.577653 0.578985 0.578985 0.578985 0.578985 0.578985 0.578985 0.595381 0.577430 0.573408,0 0 0 0 0 0 0 0 0 1 1 1,2,True,False
3,O1:13,3,possible,0.5735471248626709,0.5738306045532227,0.5735471248626709,0.5735471248626709,0.5734546979268392,0.5738306045532227,0.001204548985697329,O1,O1,intphys-dev,12,3,768.0,0.573342 0.573409 0.573409 0.573831 0.573831 0.573831 0.573831 0.573831 0.573831 0.573547 0.573408 0.573408,0.573342 0.573409 0.573409 0.573831 0.573831 0.573831 0.573831 0.573831 0.573831 0.573409 0.573409 0.573409,0.573342 0.573409 0.573409 0.573831 0.573831 0.573831 0.573831 0.573831 0.573831 0.573547 0.573408 0.573408,0 0 0 0 0 0 0 0 0 1 1 1,1,True,False
1,O1:13,3,impossible,0.6076183319091797,0.5860080718994141,0.6076183319091797,0.6076183319091797,0.5881603757540385,0.5860080718994141,0.0012162650236859918,O1,O1,intphys-dev,12,3,768.0,0.573342 0.573409 0.573409 0.573831 0.573831 0.573831 0.573831 0.573831 0.573831 0.607618 0.579201 0.577662,0.573342 0.573409 0.573409 0.573831 0.573831 0.573831 0.573831 0.573831 0.573831 0.586008 0.579201 0.577662,0.573342 0.573409 0.573409 0.573831 0.573831 0.573831 0.573831 0.573831 0.573831 0.607618 0.579201 0.577662,0 0 0 0 0 0 0 0 0 1 1 1,3,True,False
1,O1:14,1,possible,0.5618150234222412,0.5660687685012817,0.5618150234222412,0.5618150234222412,0.560105949640274,0.5660687685012817,0.0026768208481371403,O1,O1,intphys-dev,12,2,896.0,0.561815 0.558397 0.564012 0.559887 0.557445 0.549033 0.549241 0.566069 0.556276 0.560908 0.560296 0.555471,0.561815 0.563230 0.564012 0.559887 0.557445 0.549033 0.549241 0.566069 0.556276 0.560908 0.560296 0.555471,0.561815 0.558397 0.564012 0.559887 0.557445 0.549033 0.549241 0.566069 0.556276 0.560908 0.560296 0.555471,1 1 0 0 0 0 0 0 0 0 0 0,3,True,False
3,O1:14,1,impossible,0.5654399394989014,0.5661596059799194,0.5654399394989014,0.5654399394989014,0.5637275874614716,0.5661596059799194,0.0026734662242233753,O1,O1,intphys-dev,12,2,896.0,0.565440 0.562015 0.565335 0.559887 0.557445 0.549033 0.549241 0.566069 0.556276 0.560908 0.560296 0.555471,0.565440 0.566160 0.565335 0.559887 0.557445 0.549033 0.549241 0.566069 0.556276 0.560908 0.560296 0.555471,0.565440 0.562015 0.565335 0.559887 0.557445 0.549033 0.549241 0.566069 0.556276 0.560908 0.560296 0.555471,1 1 0 0 0 0 0 0 0 0 0 0,1,True,False
4,O1:14,4,possible,0.5654399394989014,0.5659618377685547,0.5654399394989014,0.5654399394989014,0.563606321811676,0.5659618377685547,0.0026676561683416367,O1,O1,intphys-dev,12,2,896.0,0.565440 0.561773 0.563809 0.560645 0.558943 0.550057 0.549545 0.565656 0.556079 0.559394 0.562056 0.563607,0.565440 0.565962 0.563809 0.560645 0.558943 0.550057 0.549545 0.565656 0.556079 0.559394 0.562056 0.563607,0.565440 0.561773 0.563809 0.560645 0.558943 0.550057 0.549545 0.565656 0.556079 0.559394 0.562056 0.563607,1 1 0 0 0 0 0 0 0 0 0 0,2,True,False
2,O1:14,4,impossible,0.5618150234222412,0.5656560659408569,0.5618150234222412,0.5618150234222412,0.560608983039856,0.5656560659408569,0.0026710093952715397,O1,O1,intphys-dev,12,2,896.0,0.561815 0.559403 0.564151 0.560645 0.558943 0.550057 0.549545 0.565656 0.556079 0.559394 0.562056 0.563607,0.561815 0.563974 0.564151 0.560645 0.558943 0.550057 0.549545 0.565656 0.556079 0.559394 0.562056 0.563607,0.561815 0.559403 0.564151 0.560645 0.558943 0.550057 0.549545 0.565656 0.556079 0.559394 0.562056 0.563607,1 1 0 0 0 0 0 0 0 0 0 0,4,True,False
1,O1:15,1,possible,0.6027411222457886,0.6027411222457886,0.6027411222457886,0.6027411222457886,0.5738289654254913,0.6027411222457886,0.0019727142062038183,O1,O1,intphys-dev,12,6,896.0,0.559110 0.559110 0.559110 0.590050 0.602741 0.572852 0.572518 0.562547 0.552972 0.550843 0.551165 0.550167,0.559110 0.559110 0.559110 0.590050 0.602741 0.581912 0.572518 0.562547 0.552972 0.550843 0.551165 0.550167,0.559110 0.559110 0.559110 0.590050 0.602741 0.572852 0.572518 0.562547 0.552972 0.550843 0.551165 0.550167,1 1 1 1 1 1 0 0 0 0 0 0,3,True,False
3,O1:15,1,impossible,0.5950867533683777,0.6096160411834717,0.5950867533683777,0.5950867533683777,0.5645216107368469,0.6096160411834717,0.0017865197733044624,O1,O1,intphys-dev,12,6,896.0,0.557598 0.557598 0.557598 0.558218 0.561032 0.595087 0.572396 0.562547 0.552972 0.550843 0.551165 0.550167,0.557598 0.557598 0.557598 0.558218 0.561032 0.609616 0.572396 0.562547 0.552972 0.550843 0.551165 0.550167,0.557598 0.557598 0.557598 0.558218 0.561032 0.595087 0.572396 0.562547 0.552972 0.550843 0.551165 0.550167,1 1 1 1 1 1 0 0 0 0 0 0,1,True,False
4,O1:15,4,possible,0.5713629722595215,0.5727983713150024,0.5713629722595215,0.5713629722595215,0.5605676472187042,0.5727983713150024,0.0014945506118237972,O1,O1,intphys-dev,12,6,896.0,0.557598 0.557598 0.557598 0.558218 0.561032 0.571363 0.563574 0.559501 0.554108 0.553384 0.559681 0.557468,0.557598 0.557598 0.557598 0.558218 0.561032 0.572798 0.563574 0.559501 0.554108 0.553384 0.559681 0.557468,0.557598 0.557598 0.557598 0.558218 0.561032 0.571363 0.563574 0.559501 0.554108 0.553384 0.559681 0.557468,1 1 1 1 1 1 0 0 0 0 0 0,2,True,False
2,O1:15,4,impossible,0.6027411222457886,0.6027411222457886,0.6027411222457886,0.6027411222457886,0.5741934378941854,0.6027411222457886,0.0016928358236327767,O1,O1,intphys-dev,12,6,896.0,0.559110 0.559110 0.559110 0.590050 0.602741 0.575039 0.560021 0.559501 0.554108 0.553384 0.559681 0.557468,0.559110 0.559110 0.559110 0.590050 0.602741 0.573110 0.560021 0.559501 0.554108 0.553384 0.559681 0.557468,0.559110 0.559110 0.559110 0.590050 0.602741 0.575039 0.560021 0.559501 0.554108 0.553384 0.559681 0.557468,1 1 1 1 1 1 0 0 0 0 0 0,4,True,False
1,O1:16,1,possible,0.563339114189148,0.563339114189148,0.563339114189148,0.563339114189148,0.5625973343849182,0.563339114189148,0.0012204654049128294,O1,O1,intphys-dev,12,6,1024.0,0.563339 0.563339 0.563339 0.561856 0.561856 0.561856 0.561856 0.561856 0.561856 0.563339 0.563339 0.563339,0.563339 0.563339 0.563339 0.561856 0.561856 0.561856 0.561856 0.561856 0.561856 0.563339 0.563339 0.563339,0.563339 0.563339 0.563339 0.561856 0.561856 0.561856 0.561856 0.561856 0.561856 0.563339 0.563339 0.563339,0 0 0 0 0 0 1 1 1 1 1 1,4,True,False
4,O1:16,1,impossible,0.5672613382339478,0.5672613382339478,0.5672613382339478,0.5672613382339478,0.5609825849533081,0.5672613382339478,0.0012318495428189635,O1,O1,intphys-dev,12,6,1024.0,0.563339 0.563339 0.563339 0.561856 0.561856 0.561856 0.567261 0.559821 0.559821 0.559664 0.559664 0.559664,0.563339 0.563339 0.563339 0.561856 0.561856 0.561856 0.567261 0.559821 0.559821 0.559664 0.559664 0.559664,0.563339 0.563339 0.563339 0.561856 0.561856 0.561856 0.567261 0.559821 0.559821 0.559664 0.559664 0.559664,0 0 0 0 0 0 1 1 1 1 1 1,1,True,False
3,O1:16,3,possible,0.5598208904266357,0.559820830821991,0.5598208904266357,0.5598208904266357,0.5597425103187561,0.559820830821991,0.0012181662023067474,O1,O1,intphys-dev,12,6,1024.0,0.559664 0.559664 0.559664 0.559821 0.559821 0.559821 0.559821 0.559821 0.559821 0.559664 0.559664 0.559664,0.559664 0.559664 0.559664 0.559821 0.559821 0.559821 0.559821 0.559821 0.559821 0.559664 0.559664 0.559664,0.559664 0.559664 0.559664 0.559821 0.559821 0.559821 0.559821 0.559821 0.559821 0.559664 0.559664 0.559664,0 0 0 0 0 0 1 1 1 1 1 1,2,True,False
2,O1:16,3,impossible,0.563339114189148,0.563339114189148,0.563339114189148,0.563339114189148,0.5621682604153951,0.563339114189148,0.0012317111250013113,O1,O1,intphys-dev,12,6,1024.0,0.559664 0.559664 0.559664 0.559821 0.559821 0.559821 0.559281 0.561856 0.561856 0.563339 0.563339 0.563339,0.559664 0.559664 0.559664 0.559821 0.559821 0.559821 0.559281 0.561856 0.561856 0.563339 0.563339 0.563339,0.559664 0.559664 0.559664 0.559821 0.559821 0.559821 0.559281 0.561856 0.561856 0.563339 0.563339 0.563339,0 0 0 0 0 0 1 1 1 1 1 1,3,True,False
2,O1:17,2,possible,0.5989768505096436,0.573101282119751,0.5989768505096436,0.5989768505096436,0.5611567497253418,0.573101282119751,0.0023560470435768366,O1,O1,intphys-dev,12,7,914.2857142857143,0.545539 0.545539 0.545539 0.546187 0.564918 0.598977 0.567889 0.564462 0.556878 0.547148 0.547019 0.545725,0.545539 0.545539 0.545539 0.546187 0.564918 0.573101 0.567888 0.564461 0.556878 0.547148 0.547019 0.545725,0.545539 0.545539 0.545539 0.546187 0.564918 0.598977 0.567889 0.564462 0.556878 0.547148 0.547019 0.545725,0 0 0 0 0 1 1 1 1 1 1 1,1,True,False
1,O1:17,2,impossible,0.6143414974212646,0.5786624550819397,0.6143414974212646,0.6143414974212646,0.5639198337282453,0.5786624550819397,0.002785453340038657,O1,O1,intphys-dev,12,7,914.2857142857143,0.545539 0.545539 0.545539 0.546187 0.564918 0.614341 0.570440 0.562549 0.558757 0.548194 0.545711 0.547446,0.545539 0.545539 0.545539 0.546187 0.564918 0.578662 0.570440 0.562549 0.558757 0.548194 0.545711 0.547446,0.545539 0.545539 0.545539 0.546187 0.564918 0.614341 0.570440 0.562549 0.558757 0.548194 0.545711 0.547446,0 0 0 0 0 1 1 1 1 1 1 1,2,True,False
4,O1:17,4,possible,0.5986140370368958,0.5743825435638428,0.5986140370368958,0.5986140370368958,0.5613526701927185,0.5743825435638428,0.0035333591513335705,O1,O1,intphys-dev,12,7,914.2857142857143,0.545291 0.545291 0.545291 0.566091 0.573117 0.598614 0.568197 0.562549 0.558757 0.548194 0.545711 0.547446,0.545291 0.545291 0.545291 0.566091 0.573117 0.574383 0.568197 0.562549 0.558757 0.548194 0.545711 0.547446,0.545291 0.545291 0.545291 0.566091 0.573117 0.598614 0.568197 0.562549 0.558757 0.548194 0.545711 0.547446,0 0 0 0 0 1 1 1 1 1 1 1,3,True,False
3,O1:17,4,impossible,0.5853767991065979,0.5731168985366821,0.5853767991065979,0.5853767991065979,0.5586051089423043,0.5731168985366821,0.003120889188721776,O1,O1,intphys-dev,12,7,914.2857142857143,0.545291 0.545291 0.545291 0.566091 0.573117 0.585377 0.563627 0.564462 0.556878 0.547148 0.547019 0.545725,0.545291 0.545291 0.545291 0.566091 0.573117 0.569899 0.563627 0.564461 0.556878 0.547148 0.547019 0.545725,0.545291 0.545291 0.545291 0.566091 0.573117 0.585377 0.563627 0.564462 0.556878 0.547148 0.547019 0.545725,0 0 0 0 0 1 1 1 1 1 1 1,4,True,False
2,O1:18,2,possible,0.5843021869659424,0.5843021273612976,0.5843021869659424,0.5843021869659424,0.5678649204117912,0.5843021273612976,0.0027665356174111366,O1,O1,intphys-dev,12,7,950.8571428571429,0.572009 0.577322 0.571914 0.566338 0.568229 0.561552 0.559779 0.584302 0.567531 0.565897 0.567965 0.568028,0.572009 0.577322 0.571914 0.566338 0.568229 0.559455 0.559779 0.584302 0.567531 0.565897 0.567965 0.568028,0.572009 0.577322 0.571914 0.566338 0.568229 0.561552 0.559779 0.584302 0.567531 0.565897 0.567965 0.568028,0 0 0 0 0 1 1 1 1 1 1 1,1,True,False
1,O1:18,2,impossible,0.5852326154708862,0.5852326154708862,0.5852326154708862,0.5852326154708862,0.5681145531790597,0.5852326154708862,0.002766468795016408,O1,O1,intphys-dev,12,7,950.8571428571429,0.572009 0.577322 0.571914 0.566338 0.568229 0.561577 0.560439 0.585233 0.569177 0.568460 0.568033 0.563883,0.572009 0.577322 0.571914 0.566338 0.568229 0.559472 0.560439 0.585233 0.569177 0.568460 0.568033 0.563883,0.572009 0.577322 0.571914 0.566338 0.568229 0.561577 0.560439 0.585233 0.569177 0.568460 0.568033 0.563883,0 0 0 0 0 1 1 1 1 1 1 1,2,True,False
4,O1:18,4,possible,0.5852326154708862,0.5852326154708862,0.5852326154708862,0.5852326154708862,0.5685756717409406,0.5852326154708862,0.002766683464869857,O1,O1,intphys-dev,12,7,950.8571428571429,0.578102 0.584473 0.575727 0.569487 0.571414 0.563903 0.561340 0.585233 0.569177 0.568460 0.568033 0.563883,0.578102 0.584473 0.575727 0.569487 0.571414 0.561399 0.561340 0.585233 0.569177 0.568460 0.568033 0.563883,0.578102 0.584473 0.575727 0.569487 0.571414 0.563903 0.561340 0.585233 0.569177 0.568460 0.568033 0.563883,0 0 0 0 0 1 1 1 1 1 1 1,3,True,False
3,O1:18,4,impossible,0.5843021869659424,0.5844732522964478,0.5843021869659424,0.5843021869659424,0.5678013903754098,0.5844732522964478,0.0027666925452649593,O1,O1,intphys-dev,12,7,950.8571428571429,0.578102 0.584473 0.575727 0.569487 0.571414 0.562377 0.558510 0.584302 0.567531 0.565897 0.567965 0.568028,0.578102 0.584473 0.575727 0.569487 0.571414 0.560519 0.558510 0.584302 0.567531 0.565897 0.567965 0.568028,0.578102 0.584473 0.575727 0.569487 0.571414 0.562377 0.558510 0.584302 0.567531 0.565897 0.567965 0.568028,0 0 0 0 0 1 1 1 1 1 1 1,4,True,False
3,O1:19,3,possible,0.5752788782119751,0.591482400894165,0.5752788782119751,0.5752788782119751,0.5732645988464355,0.591482400894165,0.0018041355069726706,O1,O1,intphys-dev,12,2,640.0,0.561815 0.561690 0.561890 0.563659 0.591482 0.575279 0.571250 0.561464 0.559346 0.559657 0.562205 0.562011,0.561815 0.561690 0.561890 0.563659 0.591482 0.575279 0.571383 0.561464 0.559346 0.559657 0.562205 0.562011,0.561815 0.561690 0.561890 0.563659 0.591482 0.575279 0.571250 0.561464 0.559346 0.559657 0.562205 0.562011,0 0 0 0 0 1 1 0 0 0 0 0,2,True,False
2,O1:19,3,impossible,0.5755313634872437,0.591482400894165,0.5755313634872437,0.5755313634872437,0.5678652822971344,0.591482400894165,0.0016513833543285728,O1,O1,intphys-dev,12,2,640.0,0.561815 0.561690 0.561890 0.563659 0.591482 0.560199 0.575531 0.561944 0.559346 0.559657 0.562205 0.562011,0.561815 0.561690 0.561890 0.563659 0.591482 0.560199 0.587999 0.561944 0.559346 0.559657 0.562205 0.562011,0.561815 0.561690 0.561890 0.563659 0.591482 0.560199 0.575531 0.561944 0.559346 0.559657 0.562205 0.562011,0 0 0 0 0 1 1 0 0 0 0 0,3,True,False
4,O1:19,4,possible,0.5628453493118286,0.5630331039428711,0.5628453493118286,0.5628453493118286,0.5611760318279266,0.5630331039428711,0.0011958664981648326,O1,O1,intphys-dev,12,2,640.0,0.563033 0.563033 0.563033 0.562845 0.562845 0.562845 0.559507 0.562845 0.562845 0.563033 0.563033 0.563033,0.563033 0.563033 0.563033 0.562845 0.562845 0.562845 0.562845 0.562845 0.562845 0.563033 0.563033 0.563033,0.563033 0.563033 0.563033 0.562845 0.562845 0.562845 0.559507 0.562845 0.562845 0.563033 0.563033 0.563033,0 0 0 0 0 1 1 0 0 0 0 0,1,True,False
1,O1:19,4,impossible,0.5978264808654785,0.5978265404701233,0.5978264808654785,0.5978264808654785,0.5846216380596161,0.5978265404701233,0.0013780880253762007,O1,O1,intphys-dev,12,2,640.0,0.563033 0.563033 0.563033 0.562845 0.562845 0.597826 0.571417 0.555338 0.562845 0.563033 0.563033 0.563033,0.563033 0.563033 0.563033 0.562845 0.562845 0.597827 0.558860 0.555338 0.562845 0.563033 0.563033 0.563033,0.563033 0.563033 0.563033 0.562845 0.562845 0.597826 0.571417 0.555338 0.562845 0.563033 0.563033 0.563033,0 0 0 0 0 1 1 0 0 0 0 0,4,True,False
3,O1:20,3,possible,0.5744565725326538,0.5840221643447876,0.5744565725326538,0.5744565725326538,0.5668908754984537,0.5840221643447876,0.004171150736510754,O1,O1,intphys-dev,12,3,938.6666666666666,0.566329 0.566329 0.566329 0.578880 0.584022 0.575211 0.574457 0.565814 0.560403 0.561129 0.562168 0.566480,0.566329 0.566329 0.566329 0.578880 0.584022 0.575211 0.574457 0.565814 0.563776 0.561129 0.562168 0.566480,0.566329 0.566329 0.566329 0.578880 0.584022 0.575211 0.574457 0.565814 0.560403 0.561129 0.562168 0.566480,0 0 0 0 0 0 1 1 1 0 0 0,2,True,False
2,O1:20,3,impossible,0.5797778367996216,0.5840221643447876,0.5797778367996216,0.5797778367996216,0.5735373695691427,0.5840221643447876,0.004344359040260315,O1,O1,intphys-dev,12,3,938.6666666666666,0.566329 0.566329 0.566329 0.578880 0.584022 0.575211 0.579778 0.571860 0.568974 0.560670 0.562168 0.566480,0.566329 0.566329 0.566329 0.578880 0.584022 0.575211 0.579778 0.571860 0.569861 0.560670 0.562168 0.566480,0.566329 0.566329 0.566329 0.578880 0.584022 0.575211 0.579778 0.571860 0.568974 0.560670 0.562168 0.566480,0 0 0 0 0 0 1 1 1 0 0 0,3,True,False
4,O1:20,4,possible,0.5791186094284058,0.5820668339729309,0.5791186094284058,0.5791186094284058,0.5739578008651733,0.5820668339729309,0.004522141069173813,O1,O1,intphys-dev,12,3,938.6666666666666,0.566435 0.566495 0.566495 0.578754 0.582067 0.578331 0.579119 0.572465 0.570289 0.568858 0.564617 0.563739,0.566435 0.566495 0.566495 0.578754 0.582067 0.578331 0.579119 0.572465 0.574599 0.568858 0.564617 0.563739,0.566435 0.566495 0.566495 0.578754 0.582067 0.578331 0.579119 0.572465 0.570289 0.568858 0.564617 0.563739,0 0 0 0 0 0 1 1 1 0 0 0,1,True,False
1,O1:20,4,impossible,0.5764055252075195,0.5820668339729309,0.5764055252075195,0.5764055252075195,0.5711977283159891,0.5820668339729309,0.004365178756415844,O1,O1,intphys-dev,12,3,938.6666666666666,0.566435 0.566495 0.566495 0.578754 0.582067 0.578331 0.576406 0.565622 0.571566 0.572737 0.564617 0.563739,0.566435 0.566495 0.566495 0.578754 0.582067 0.578331 0.576405 0.565622 0.577958 0.572737 0.564617 0.563739,0.566435 0.566495 0.566495 0.578754 0.582067 0.578331 0.576406 0.565622 0.571566 0.572737 0.564617 0.563739,0 0 0 0 0 0 1 1 1 0 0 0,4,True,False
1,O1:21,1,possible,0.5685853958129883,0.5685853362083435,0.5685853958129883,0.5685853958129883,0.5654426515102386,0.5685853362083435,0.0011533142533153296,O1,O1,intphys-dev,12,2,768.0,0.568585 0.562300 0.568585 0.567516 0.567516 0.567516 0.567516 0.567516 0.567516 0.568585 0.568585 0.568585,0.568585 0.568585 0.568585 0.567516 0.567516 0.567516 0.567516 0.567516 0.567516 0.568585 0.568585 0.568585,0.568585 0.562300 0.568585 0.567516 0.567516 0.567516 0.567516 0.567516 0.567516 0.568585 0.568585 0.568585,1 1 0 0 0 0 0 0 0 0 0 0,4,True,False
4,O1:21,1,impossible,0.5662763118743896,0.5685853362083435,0.5662763118743896,0.5662763118743896,0.5642649531364441,0.5685853362083435,0.0011796861654147506,O1,O1,intphys-dev,12,2,768.0,0.566276 0.562254 0.564633 0.567516 0.567516 0.567516 0.567516 0.567516 0.567516 0.568585 0.568585 0.568585,0.566276 0.566131 0.564633 0.567516 0.567516 0.567516 0.567516 0.567516 0.567516 0.568585 0.568585 0.568585,0.566276 0.562254 0.564633 0.567516 0.567516 0.567516 0.567516 0.567516 0.567516 0.568585 0.568585 0.568585,1 1 0 0 0 0 0 0 0 0 0 0,1,True,False
2,O1:21,2,possible,0.5662763118743896,0.567207932472229,0.5662763118743896,0.5662763118743896,0.5648829340934753,0.567207932472229,0.0011560741113498807,O1,O1,intphys-dev,12,2,768.0,0.566276 0.563490 0.566541 0.567208 0.567208 0.567208 0.567208 0.567208 0.567208 0.566541 0.566541 0.566541,0.566276 0.566505 0.566541 0.567208 0.567208 0.567208 0.567208 0.567208 0.567208 0.566541 0.566541 0.566541,0.566276 0.563490 0.566541 0.567208 0.567208 0.567208 0.567208 0.567208 0.567208 0.566541 0.566541 0.566541,1 1 0 0 0 0 0 0 0 0 0 0,3,True,False
3,O1:21,2,impossible,0.5685853958129883,0.5739867687225342,0.5685853958129883,0.5685853958129883,0.5664966702461243,0.5739867687225342,0.0011813739547505975,O1,O1,intphys-dev,12,2,768.0,0.568585 0.564408 0.566224 0.567208 0.567208 0.567208 0.567208 0.567208 0.567208 0.566541 0.566541 0.566541,0.568585 0.573987 0.566224 0.567208 0.567208 0.567208 0.567208 0.567208 0.567208 0.566541 0.566541 0.566541,0.568585 0.564408 0.566224 0.567208 0.567208 0.567208 0.567208 0.567208 0.567208 0.566541 0.566541 0.566541,1 1 0 0 0 0 0 0 0 0 0 0,2,True,False
2,O1:22,2,possible,0.5877794623374939,0.5877794623374939,0.5877794623374939,0.5877794623374939,0.5839929779370626,0.5877794623374939,0.002997488481923938,O1,O1,intphys-dev,12,3,938.6666666666666,0.583453 0.587779 0.580746 0.577745 0.570127 0.567217 0.563752 0.575590 0.574563 0.574913 0.571332 0.572123,0.583453 0.587779 0.581796 0.577745 0.570127 0.567217 0.563752 0.575590 0.574563 0.574913 0.571332 0.572123,0.583453 0.587779 0.580746 0.577745 0.570127 0.567217 0.563752 0.575590 0.574563 0.574913 0.571332 0.572123,1 1 1 0 0 0 0 0 0 0 0 0,3,True,False
3,O1:22,2,impossible,0.5847946405410767,0.5847946405410767,0.5847946405410767,0.5847946405410767,0.5808506806691488,0.5847946405410767,0.00299771036952734,O1,O1,intphys-dev,12,3,938.6666666666666,0.579397 0.584795 0.578360 0.577796 0.570127 0.567217 0.563752 0.575590 0.574563 0.574913 0.571332 0.572123,0.579397 0.584795 0.579493 0.577796 0.570127 0.567217 0.563752 0.575590 0.574563 0.574913 0.571332 0.572123,0.579397 0.584795 0.578360 0.577796 0.570127 0.567217 0.563752 0.575590 0.574563 0.574913 0.571332 0.572123,1 1 1 0 0 0 0 0 0 0 0 0,2,True,False
4,O1:22,4,possible,0.5847946405410767,0.5847946405410767,0.5847946405410767,0.5847946405410767,0.5810149312019348,0.5847946405410767,0.0029963934794068336,O1,O1,intphys-dev,12,3,938.6666666666666,0.579397 0.584795 0.578853 0.576999 0.569375 0.565513 0.564397 0.575893 0.574370 0.575093 0.573560 0.574522,0.579397 0.584795 0.579687 0.576999 0.569375 0.565513 0.564397 0.575893 0.574370 0.575093 0.573560 0.574522,0.579397 0.584795 0.578853 0.576999 0.569375 0.565513 0.564397 0.575893 0.574370 0.575093 0.573560 0.574522,1 1 1 0 0 0 0 0 0 0 0 0,1,True,False
1,O1:22,4,impossible,0.5877794623374939,0.5877794623374939,0.5877794623374939,0.5877794623374939,0.5839809974034628,0.5877794623374939,0.002996161812916398,O1,O1,intphys-dev,12,3,938.6666666666666,0.583453 0.587779 0.580710 0.578721 0.569375 0.565513 0.564397 0.575893 0.574370 0.575093 0.573560 0.574522,0.583453 0.587779 0.581719 0.578721 0.569375 0.565513 0.564397 0.575893 0.574370 0.575093 0.573560 0.574522,0.583453 0.587779 0.580710 0.578721 0.569375 0.565513 0.564397 0.575893 0.574370 0.575093 0.573560 0.574522,1 1 1 0 0 0 0 0 0 0 0 0,4,True,False
2,O1:23,2,possible,0.5901164412498474,0.6020442843437195,0.5901164412498474,0.5901164412498474,0.5850453078746796,0.6020442843437195,0.014806903898715973,O1,O1,intphys-dev,12,2,640.0,0.602044 0.588058 0.580126 0.580093 0.574776 0.567274 0.579974 0.590116 0.570609 0.572660 0.582427 0.585967,0.602044 0.588058 0.580126 0.580093 0.574776 0.567274 0.564132 0.590117 0.570609 0.572660 0.582427 0.585967,0.602044 0.588058 0.580126 0.580093 0.574776 0.567274 0.579974 0.590116 0.570609 0.572660 0.582427 0.585967,0 0 0 0 0 0 1 1 0 0 0 0,4,True,False
4,O1:23,2,impossible,0.5906121730804443,0.6020442843437195,0.5906121730804443,0.5906121730804443,0.5849165618419647,0.6020442843437195,0.014876572415232658,O1,O1,intphys-dev,12,2,640.0,0.602044 0.588058 0.580126 0.580093 0.574776 0.567274 0.579221 0.590612 0.569810 0.572904 0.582427 0.585967,0.602044 0.588058 0.580126 0.580093 0.574776 0.567274 0.564713 0.590612 0.569810 0.572904 0.582427 0.585967,0.602044 0.588058 0.580126 0.580093 0.574776 0.567274 0.579221 0.590612 0.569810 0.572904 0.582427 0.585967,0 0 0 0 0 0 1 1 0 0 0 0,2,True,False
3,O1:23,3,possible,0.58759605884552,0.6013475060462952,0.58759605884552,0.58759605884552,0.581974983215332,0.6013475060462952,0.015124254859983921,O1,O1,intphys-dev,12,2,640.0,0.601348 0.587671 0.579640 0.580970 0.574366 0.568084 0.576354 0.587596 0.571302 0.570356 0.579735 0.586089,0.601348 0.587671 0.579640 0.580970 0.574366 0.568084 0.563285 0.587596 0.571302 0.570356 0.579735 0.586089,0.601348 0.587671 0.579640 0.580970 0.574366 0.568084 0.576354 0.587596 0.571302 0.570356 0.579735 0.586089,0 0 0 0 0 0 1 1 0 0 0 0,1,True,False
1,O1:23,3,impossible,0.5871009826660156,0.6013475060462952,0.5871009826660156,0.5871009826660156,0.5819127857685089,0.6013475060462952,0.015054747462272644,O1,O1,intphys-dev,12,2,640.0,0.601348 0.587671 0.579640 0.580970 0.574366 0.568084 0.576725 0.587101 0.571936 0.569056 0.579735 0.586089,0.601348 0.587671 0.579640 0.580970 0.574366 0.568084 0.563836 0.587101 0.571936 0.569056 0.579735 0.586089,0.601348 0.587671 0.579640 0.580970 0.574366 0.568084 0.576725 0.587101 0.571936 0.569056 0.579735 0.586089,0 0 0 0 0 0 1 1 0 0 0 0,3,True,False
1,O1:24,1,possible,0.5831807255744934,0.6058433055877686,0.5831807255744934,0.5831807255744934,0.5737564265727997,0.6058433055877686,0.012338600121438503,O1,O1,intphys-dev,12,2,384.0,0.605843 0.591263 0.583049 0.578574 0.583181 0.564332 0.565668 0.589407 0.574026 0.572845 0.578727 0.581403,0.605843 0.591263 0.583049 0.578574 0.573388 0.568806 0.565668 0.589407 0.574026 0.572845 0.578727 0.581403,0.605843 0.591263 0.583049 0.578574 0.583181 0.564332 0.565668 0.589407 0.574026 0.572845 0.578727 0.581403,0 0 0 0 1 1 0 0 0 0 0 0,4,True,False
4,O1:24,1,impossible,0.5800085067749023,0.6058433055877686,0.5800085067749023,0.5800085067749023,0.5714420080184937,0.6058433055877686,0.012256806716322899,O1,O1,intphys-dev,12,2,384.0,0.605843 0.591263 0.583049 0.578574 0.580009 0.562876 0.568048 0.589407 0.574026 0.572845 0.578727 0.581403,0.605843 0.591263 0.583049 0.578574 0.571990 0.568634 0.568048 0.589407 0.574026 0.572845 0.578727 0.581403,0.605843 0.591263 0.583049 0.578574 0.580009 0.562876 0.568048 0.589407 0.574026 0.572845 0.578727 0.581403,0 0 0 0 1 1 0 0 0 0 0 0,1,True,False
3,O1:24,3,possible,0.5830261707305908,0.6061580181121826,0.5830261707305908,0.5830261707305908,0.5739482343196869,0.6061580181121826,0.011743519455194473,O1,O1,intphys-dev,12,2,384.0,0.606158 0.591888 0.581574 0.576703 0.583026 0.564870 0.566478 0.591781 0.572456 0.573976 0.579838 0.583634,0.606158 0.591888 0.581574 0.576703 0.571837 0.569273 0.566478 0.591781 0.572456 0.573976 0.579838 0.583634,0.606158 0.591888 0.581574 0.576703 0.583026 0.564870 0.566478 0.591781 0.572456 0.573976 0.579838 0.583634,0 0 0 0 1 1 0 0 0 0 0 0,2,True,False
2,O1:24,3,impossible,0.5917510986328125,0.6061580181121826,0.5917510986328125,0.5917510986328125,0.5804295539855957,0.6061580181121826,0.011826641857624054,O1,O1,intphys-dev,12,2,384.0,0.606158 0.591888 0.581574 0.576703 0.591751 0.569108 0.563543 0.591781 0.572456 0.573976 0.579838 0.583634,0.606158 0.591888 0.581574 0.576703 0.574639 0.571584 0.563543 0.591781 0.572456 0.573976 0.579838 0.583634,0.606158 0.591888 0.581574 0.576703 0.591751 0.569108 0.563543 0.591781 0.572456 0.573976 0.579838 0.583634,0 0 0 0 1 1 0 0 0 0 0 0,3,True,False
3,O1:25,3,possible,0.5639513731002808,0.5595632791519165,0.5639513731002808,0.5639513731002808,0.5606425205866495,0.5595632791519165,0.0012076111743226647,O1,O1,intphys-dev,12,3,768.0,0.558986 0.559022 0.558853 0.559563 0.559563 0.559563 0.559563 0.559563 0.559563 0.563951 0.558988 0.558988,0.558986 0.559022 0.558853 0.559563 0.559563 0.559563 0.559563 0.559563 0.559563 0.558988 0.558988 0.558988,0.558986 0.559022 0.558853 0.559563 0.559563 0.559563 0.559563 0.559563 0.559563 0.563951 0.558988 0.558988,0 0 0 0 0 0 0 0 0 1 1 1,1,True,False
1,O1:25,3,impossible,0.579072117805481,0.5605155229568481,0.579072117805481,0.579072117805481,0.5661902825037638,0.5605155229568481,0.0012149832909926772,O1,O1,intphys-dev,12,3,768.0,0.558986 0.559022 0.558853 0.559563 0.559563 0.559563 0.559563 0.559563 0.559563 0.579072 0.560320 0.559179,0.558986 0.559022 0.558853 0.559563 0.559563 0.559563 0.559563 0.559563 0.559563 0.560516 0.560320 0.559179,0.558986 0.559022 0.558853 0.559563 0.559563 0.559563 0.559563 0.559563 0.559563 0.579072 0.560320 0.559179,0 0 0 0 0 0 0 0 0 1 1 1,3,True,False
4,O1:25,4,possible,0.5664108395576477,0.5612128376960754,0.5664108395576477,0.5664108395576477,0.5615895787874857,0.5612128376960754,0.0012065136106684804,O1,O1,intphys-dev,12,3,768.0,0.559179 0.559179 0.559179 0.561213 0.561213 0.561213 0.561213 0.561213 0.561213 0.566411 0.559179 0.559179,0.559179 0.559179 0.559179 0.561213 0.561213 0.561213 0.561213 0.561213 0.561213 0.559179 0.559179 0.559179,0.559179 0.559179 0.559179 0.561213 0.561213 0.561213 0.561213 0.561213 0.561213 0.566411 0.559179 0.559179,0 0 0 0 0 0 0 0 0 1 1 1,2,True,False
2,O1:25,4,impossible,0.594305694103241,0.5671079158782959,0.594305694103241,0.594305694103241,0.5717662970225016,0.5671079158782959,0.0012141778133809566,O1,O1,intphys-dev,12,3,768.0,0.559179 0.559179 0.559179 0.561213 0.561213 0.561213 0.561213 0.561213 0.561213 0.594306 0.562005 0.558988,0.559179 0.559179 0.559179 0.561213 0.561213 0.561213 0.561213 0.561213 0.561213 0.567108 0.562005 0.558988,0.559179 0.559179 0.559179 0.561213 0.561213 0.561213 0.561213 0.561213 0.561213 0.594306 0.562005 0.558988,0 0 0 0 0 0 0 0 0 1 1 1,4,True,False
2,O1:26,2,possible,0.5833740234375,0.6128755211830139,0.5833740234375,0.5833740234375,0.5719836950302124,0.6128755211830139,0.013169839046895504,O1,O1,intphys-dev,12,2,512.0,0.612876 0.593084 0.582524 0.578437 0.583374 0.560593 0.558889 0.601335 0.573040 0.575827 0.582601 0.592791,0.612876 0.593084 0.582524 0.578437 0.572776 0.569425 0.558889 0.601335 0.573040 0.575827 0.582601 0.592791,0.612876 0.593084 0.582524 0.578437 0.583374 0.560593 0.558889 0.601335 0.573040 0.575827 0.582601 0.592791,0 0 0 0 1 1 0 0 0 0 0 0,1,True,False
1,O1:26,2,impossible,0.5820831060409546,0.6128755211830139,0.5820831060409546,0.5820831060409546,0.5704856812953949,0.6128755211830139,0.01307226624339819,O1,O1,intphys-dev,12,2,512.0,0.612876 0.593084 0.582524 0.578437 0.582083 0.558888 0.560215 0.601335 0.573040 0.575827 0.582601 0.592791,0.612876 0.593084 0.582524 0.578437 0.572243 0.570157 0.560215 0.601335 0.573040 0.575827 0.582601 0.592791,0.612876 0.593084 0.582524 0.578437 0.582083 0.558888 0.560215 0.601335 0.573040 0.575827 0.582601 0.592791,0 0 0 0 1 1 0 0 0 0 0 0,2,True,False
4,O1:26,4,possible,0.5815626382827759,0.6124386787414551,0.5815626382827759,0.5815626382827759,0.5713086426258087,0.6124386787414551,0.012485388666391373,O1,O1,intphys-dev,12,2,512.0,0.612439 0.592454 0.582761 0.574953 0.581563 0.561055 0.558229 0.610277 0.573096 0.576117 0.583232 0.592963,0.612439 0.592454 0.582761 0.574953 0.569720 0.567695 0.558229 0.610277 0.573096 0.576117 0.583232 0.592963,0.612439 0.592454 0.582761 0.574953 0.581563 0.561055 0.558229 0.610277 0.573096 0.576117 0.583232 0.592963,0 0 0 0 1 1 0 0 0 0 0 0,3,True,False
3,O1:26,4,impossible,0.5850840210914612,0.6124386787414551,0.5850840210914612,0.5850840210914612,0.5743333399295807,0.6124386787414551,0.012583160772919655,O1,O1,intphys-dev,12,2,512.0,0.612439 0.592454 0.582761 0.574953 0.585084 0.563583 0.556289 0.610277 0.573096 0.576117 0.583232 0.592963,0.612439 0.592454 0.582761 0.574953 0.571250 0.569927 0.556289 0.610277 0.573096 0.576117 0.583232 0.592963,0.612439 0.592454 0.582761 0.574953 0.585084 0.563583 0.556289 0.610277 0.573096 0.576117 0.583232 0.592963,0 0 0 0 1 1 0 0 0 0 0 0,4,True,False
2,O1:27,2,possible,0.5954036116600037,0.6060752868652344,0.5954036116600037,0.5954036116600037,0.5828583240509033,0.6060752868652344,0.013414017856121063,O1,O1,intphys-dev,12,3,768.0,0.606075 0.594887 0.591531 0.586251 0.582395 0.580611 0.578474 0.595404 0.580526 0.572645 0.587082 0.594568,0.606075 0.594887 0.591531 0.586251 0.582395 0.580611 0.578474 0.593938 0.580526 0.583515 0.587082 0.594568,0.606075 0.594887 0.591531 0.586251 0.582395 0.580611 0.578474 0.595404 0.580526 0.572645 0.587082 0.594568,0 0 0 0 0 0 0 1 1 1 0 0,1,True,False
1,O1:27,2,impossible,0.5959742665290833,0.6060752868652344,0.5959742665290833,0.5959742665290833,0.5807128151257833,0.6060752868652344,0.013376006856560707,O1,O1,intphys-dev,12,3,768.0,0.606075 0.594887 0.591531 0.586251 0.582395 0.580611 0.578474 0.595974 0.577209 0.568955 0.587593 0.594568,0.606075 0.594887 0.591531 0.586251 0.582395 0.580611 0.578474 0.595077 0.577209 0.581190 0.587593 0.594568,0.606075 0.594887 0.591531 0.586251 0.582395 0.580611 0.578474 0.595974 0.577209 0.568955 0.587593 0.594568,0 0 0 0 0 0 0 1 1 1 0 0,2,True,False
3,O1:27,3,possible,0.5961155891418457,0.6075279116630554,0.5961155891418457,0.5961155891418457,0.5807871222496033,0.6075279116630554,0.01325103547424078,O1,O1,intphys-dev,12,3,768.0,0.607528 0.594764 0.591021 0.587032 0.582684 0.580660 0.576199 0.596116 0.577318 0.568928 0.585570 0.595585,0.607528 0.594764 0.591021 0.587032 0.582684 0.580660 0.576199 0.594830 0.577318 0.580037 0.585570 0.595585,0.607528 0.594764 0.591021 0.587032 0.582684 0.580660 0.576199 0.596116 0.577318 0.568928 0.585570 0.595585,0 0 0 0 0 0 0 1 1 1 0 0,4,True,False
4,O1:27,3,impossible,0.5953137278556824,0.6075279116630554,0.5953137278556824,0.5953137278556824,0.5826697945594788,0.6075279116630554,0.013288981281220913,O1,O1,intphys-dev,12,3,768.0,0.607528 0.594764 0.591021 0.587032 0.582684 0.580660 0.576199 0.595314 0.580850 0.571845 0.585721 0.595585,0.607528 0.594764 0.591021 0.587032 0.582684 0.580660 0.576199 0.593270 0.580850 0.582346 0.585721 0.595585,0.607528 0.594764 0.591021 0.587032 0.582684 0.580660 0.576199 0.595314 0.580850 0.571845 0.585721 0.595585,0 0 0 0 0 0 0 1 1 1 0 0,3,True,False
1,O1:28,1,possible,0.588695228099823,0.5886952877044678,0.588695228099823,0.588695228099823,0.5702557265758514,0.5886952877044678,0.0023616862017661333,O1,O1,intphys-dev,12,8,928.0,0.564244 0.564244 0.564244 0.563967 0.588695 0.575977 0.575639 0.565036 0.561029 0.560331 0.563171 0.562705,0.564244 0.564244 0.564244 0.563967 0.588695 0.575977 0.575639 0.568673 0.561029 0.560331 0.563171 0.562705,0.564244 0.564244 0.564244 0.563967 0.588695 0.575977 0.575639 0.565036 0.561029 0.560331 0.563171 0.562705,1 1 1 1 1 1 1 1 0 0 0 0,4,True,False
4,O1:28,1,impossible,0.5892977714538574,0.5892977714538574,0.5892977714538574,0.5892977714538574,0.572985865175724,0.5892977714538574,0.0022347006015479565,O1,O1,intphys-dev,12,8,928.0,0.566901 0.566901 0.566901 0.566645 0.589298 0.575857 0.578133 0.573251 0.561836 0.560331 0.563171 0.562705,0.566901 0.566901 0.566901 0.566645 0.589298 0.575857 0.578133 0.573408 0.561836 0.560331 0.563171 0.562705,0.566901 0.566901 0.566901 0.566645 0.589298 0.575857 0.578133 0.573251 0.561836 0.560331 0.563171 0.562705,1 1 1 1 1 1 1 1 0 0 0 0,1,True,False
3,O1:28,3,possible,0.5892977714538574,0.5892977714538574,0.5892977714538574,0.5892977714538574,0.5728214085102081,0.5892977714538574,0.0020188894122838974,O1,O1,intphys-dev,12,8,928.0,0.566901 0.566901 0.566901 0.566645 0.589298 0.575857 0.578133 0.571935 0.563224 0.566901 0.566901 0.566901,0.566901 0.566901 0.566901 0.566645 0.589298 0.575857 0.578133 0.564508 0.563224 0.566901 0.566901 0.566901,0.566901 0.566901 0.566901 0.566645 0.589298 0.575857 0.578133 0.571935 0.563224 0.566901 0.566901 0.566901,1 1 1 1 1 1 1 1 0 0 0 0,2,True,False
2,O1:28,3,impossible,0.588695228099823,0.5886952877044678,0.588695228099823,0.588695228099823,0.5707070156931877,0.5886952877044678,0.0021476305555552244,O1,O1,intphys-dev,12,8,928.0,0.564244 0.564244 0.564244 0.563967 0.588695 0.575977 0.575639 0.568647 0.559417 0.566901 0.566901 0.566901,0.564244 0.564244 0.564244 0.563967 0.588695 0.575977 0.575639 0.562298 0.559417 0.566901 0.566901 0.566901,0.564244 0.564244 0.564244 0.563967 0.588695 0.575977 0.575639 0.568647 0.559417 0.566901 0.566901 0.566901,1 1 1 1 1 1 1 1 0 0 0 0,3,True,False
3,O1:29,3,possible,0.596420407295227,0.6202616691589355,0.596420407295227,0.596420407295227,0.5822886398860386,0.6202616691589355,0.015257658436894417,O1,O1,intphys-dev,12,7,987.4285714285714,0.620262 0.592095 0.573575 0.577154 0.578537 0.580155 0.565000 0.595151 0.580864 0.577324 0.581106 0.596420,0.620262 0.592095 0.573575 0.577154 0.578537 0.578149 0.565000 0.595151 0.580864 0.577324 0.581106 0.596420,0.620262 0.592095 0.573575 0.577154 0.578537 0.580155 0.565000 0.595151 0.580864 0.577324 0.581106 0.596420,0 0 0 0 0 1 1 1 1 1 1 1,2,True,False
2,O1:29,3,impossible,0.6016793251037598,0.6202616691589355,0.6016793251037598,0.6016793251037598,0.5827670437949044,0.6202616691589355,0.01494687981903553,O1,O1,intphys-dev,12,7,987.4285714285714,0.620262 0.592095 0.573575 0.577154 0.578537 0.574907 0.568538 0.601679 0.580727 0.575261 0.581213 0.597044,0.620262 0.592095 0.573575 0.577154 0.578537 0.574430 0.568538 0.601679 0.580727 0.575261 0.581213 0.597044,0.620262 0.592095 0.573575 0.577154 0.578537 0.574907 0.568538 0.601679 0.580727 0.575261 0.581213 0.597044,0 0 0 0 0 1 1 1 1 1 1 1,3,True,False
4,O1:29,4,possible,0.6016793251037598,0.6207460165023804,0.6016793251037598,0.6016793251037598,0.5828480550221035,0.6207460165023804,0.014657019637525082,O1,O1,intphys-dev,12,7,987.4285714285714,0.620746 0.591280 0.571821 0.573207 0.577318 0.575496 0.568517 0.601679 0.580727 0.575261 0.581213 0.597044,0.620746 0.591280 0.571821 0.573207 0.577318 0.574127 0.568517 0.601679 0.580727 0.575261 0.581213 0.597044,0.620746 0.591280 0.571821 0.573207 0.577318 0.575496 0.568517 0.601679 0.580727 0.575261 0.581213 0.597044,0 0 0 0 0 1 1 1 1 1 1 1,1,True,False
1,O1:29,4,impossible,0.596420407295227,0.6207460165023804,0.596420407295227,0.596420407295227,0.5824484143938337,0.6207460165023804,0.014967808499932289,O1,O1,intphys-dev,12,7,987.4285714285714,0.620746 0.591280 0.571821 0.573207 0.577318 0.582573 0.563700 0.595151 0.580864 0.577324 0.581106 0.596420,0.620746 0.591280 0.571821 0.573207 0.577318 0.580479 0.563700 0.595151 0.580864 0.577324 0.581106 0.596420,0.620746 0.591280 0.571821 0.573207 0.577318 0.582573 0.563700 0.595151 0.580864 0.577324 0.581106 0.596420,0 0 0 0 0 1 1 1 1 1 1 1,4,True,False
2,O1:30,2,possible,0.5804663896560669,0.5915205478668213,0.5804663896560669,0.5804663896560669,0.5781073868274689,0.5915205478668213,0.00173080968670547,O1,O1,intphys-dev,12,2,640.0,0.560344 0.560344 0.560344 0.561887 0.575748 0.580466 0.580198 0.579865 0.573193 0.566077 0.563402 0.560359,0.560344 0.560344 0.560344 0.561887 0.571511 0.591521 0.580198 0.579865 0.573193 0.566077 0.563402 0.560359,0.560344 0.560344 0.560344 0.561887 0.575748 0.580466 0.580198 0.579865 0.573193 0.566077 0.563402 0.560359,0 0 0 0 1 1 0 0 0 0 0 0,4,True,False
4,O1:30,2,impossible,0.6121378540992737,0.6043238639831543,0.6121378540992737,0.6121378540992737,0.5921698808670044,0.6043238639831543,0.0019607199355959892,O1,O1,intphys-dev,12,2,640.0,0.560344 0.560344 0.560344 0.561887 0.612138 0.572202 0.570540 0.579865 0.573193 0.566077 0.563402 0.560359,0.560344 0.560344 0.560344 0.561887 0.604324 0.577764 0.570540 0.579865 0.573193 0.566077 0.563402 0.560359,0.560344 0.560344 0.560344 0.561887 0.612138 0.572202 0.570540 0.579865 0.573193 0.566077 0.563402 0.560359,0 0 0 0 1 1 0 0 0 0 0 0,2,True,False
3,O1:30,3,possible,0.5863973498344421,0.587225079536438,0.5863973498344421,0.5863973498344421,0.5772579610347748,0.587225079536438,0.0025097252801060677,O1,O1,intphys-dev,12,2,640.0,0.561862 0.561564 0.561564 0.587225 0.586397 0.568119 0.573174 0.574721 0.573159 0.565996 0.561709 0.561368,0.561862 0.561564 0.561564 0.587225 0.582584 0.576744 0.573174 0.574721 0.573159 0.565996 0.561709 0.561368,0.561862 0.561564 0.561564 0.587225 0.586397 0.568119 0.573174 0.574721 0.573159 0.565996 0.561709 0.561368,0 0 0 0 1 1 0 0 0 0 0 0,1,True,False
1,O1:30,3,impossible,0.5767084956169128,0.587225079536438,0.5767084956169128,0.5767084956169128,0.5723340809345245,0.587225079536438,0.0022970132995396852,O1,O1,intphys-dev,12,2,640.0,0.561862 0.561564 0.561564 0.587225 0.576708 0.567960 0.576901 0.574721 0.573159 0.565996 0.561709 0.561368,0.561862 0.561564 0.561564 0.587225 0.575312 0.581049 0.576901 0.574721 0.573159 0.565996 0.561709 0.561368,0.561862 0.561564 0.561564 0.587225 0.576708 0.567960 0.576901 0.574721 0.573159 0.565996 0.561709 0.561368,0 0 0 0 1 1 0 0 0 0 0 0,3,True,False
1,O2:01,1,possible,0.614728569984436,0.614728569984436,0.614728569984436,0.614728569984436,0.5841479202111562,0.614728569984436,0.01665065810084343,O2,O2,intphys-dev,12,6,981.3333333333334,0.614729 0.591431 0.575055 0.572036 0.582101 0.569537 0.571554 0.593692 0.576160 0.577664 0.579506 0.586395,0.614729 0.591431 0.575055 0.572036 0.582101 0.571353 0.571554 0.593692 0.576160 0.577664 0.579506 0.586395,0.614729 0.591431 0.575055 0.572036 0.582101 0.569537 0.571554 0.593692 0.576160 0.577664 0.579506 0.586395,1 1 1 1 1 1 0 0 0 0 0 0,4,True,False
4,O2:01,1,impossible,0.61493319272995,0.6149331331253052,0.61493319272995,0.61493319272995,0.5843351085980734,0.6149331331253052,0.01671120710670948,O2,O2,intphys-dev,12,6,981.3333333333334,0.614933 0.591127 0.573557 0.572740 0.582385 0.571269 0.572232 0.593692 0.576160 0.577664 0.579506 0.586395,0.614933 0.591127 0.573557 0.572740 0.582385 0.574045 0.572232 0.593692 0.576160 0.577664 0.579506 0.586395,0.614933 0.591127 0.573557 0.572740 0.582385 0.571269 0.572232 0.593692 0.576160 0.577664 0.579506 0.586395,1 1 1 1 1 1 0 0 0 0 0 0,1,True,False
2,O2:01,2,possible,0.61493319272995,0.6149331331253052,0.61493319272995,0.61493319272995,0.5845800439516703,0.6149331331253052,0.016774829477071762,O2,O2,intphys-dev,12,6,981.3333333333334,0.614933 0.591127 0.573557 0.572740 0.582385 0.572739 0.573816 0.599013 0.576041 0.578794 0.579290 0.589159,0.614933 0.591127 0.573557 0.572740 0.582385 0.574984 0.573816 0.599013 0.576041 0.578794 0.579290 0.589159,0.614933 0.591127 0.573557 0.572740 0.582385 0.572739 0.573816 0.599013 0.576041 0.578794 0.579290 0.589159,1 1 1 1 1 1 0 0 0 0 0 0,3,True,False
3,O2:01,2,impossible,0.614728569984436,0.614728569984436,0.614728569984436,0.614728569984436,0.5841241975625356,0.614728569984436,0.016714196652173996,O2,O2,intphys-dev,12,6,981.3333333333334,0.614729 0.591431 0.575055 0.572036 0.582101 0.569395 0.571530 0.599013 0.576041 0.578794 0.579290 0.589159,0.614729 0.591431 0.575055 0.572036 0.582101 0.571765 0.571530 0.599013 0.576041 0.578794 0.579290 0.589159,0.614729 0.591431 0.575055 0.572036 0.582101 0.569395 0.571530 0.599013 0.576041 0.578794 0.579290 0.589159,1 1 1 1 1 1 0 0 0 0 0 0,2,True,False
2,O2:02,2,possible,0.5685923099517822,0.5653800368309021,0.5685923099517822,0.5685923099517822,0.5662992795308431,0.5653800368309021,0.0011728941462934017,O2,O2,intphys-dev,12,3,853.3333333333334,0.565380 0.565153 0.565153 0.564534 0.564534 0.564534 0.564534 0.564534 0.564534 0.568592 0.565153 0.565153,0.565380 0.565153 0.565153 0.564534 0.564534 0.564534 0.564534 0.564534 0.564534 0.565153 0.565153 0.565153,0.565380 0.565153 0.565153 0.564534 0.564534 0.564534 0.564534 0.564534 0.564534 0.568592 0.565153 0.565153,0 0 0 0 0 0 0 0 0 1 1 1,1,True,False
1,O2:02,2,impossible,0.580386757850647,0.5747555494308472,0.580386757850647,0.580386757850647,0.5679378310839335,0.5747555494308472,0.0012036841362714767,O2,O2,intphys-dev,12,3,853.3333333333334,0.565380 0.565153 0.565153 0.564534 0.564534 0.564534 0.564534 0.564534 0.564534 0.580387 0.563496 0.559931,0.565380 0.565153 0.565153 0.564534 0.564534 0.564534 0.564534 0.564534 0.564534 0.574756 0.563496 0.559931,0.565380 0.565153 0.565153 0.564534 0.564534 0.564534 0.564534 0.564534 0.564534 0.580387 0.563496 0.559931,0 0 0 0 0 0 0 0 0 1 1 1,2,True,False
3,O2:02,3,possible,0.5629661083221436,0.56031334400177,0.5629661083221436,0.5629661083221436,0.5609426498413086,0.56031334400177,0.0011770911514759064,O2,O2,intphys-dev,12,3,853.3333333333334,0.559931 0.559931 0.559931 0.560313 0.560313 0.560313 0.560313 0.560313 0.560313 0.562966 0.559931 0.559931,0.559931 0.559931 0.559931 0.560313 0.560313 0.560313 0.560313 0.560313 0.560313 0.559931 0.559931 0.559931,0.559931 0.559931 0.559931 0.560313 0.560313 0.560313 0.560313 0.560313 0.560313 0.562966 0.559931 0.559931,0 0 0 0 0 0 0 0 0 1 1 1,4,True,False
4,O2:02,3,impossible,0.5819181799888611,0.5723037123680115,0.5819181799888611,0.5819181799888611,0.570002535978953,0.5723037123680115,0.0012063516769558191,O2,O2,intphys-dev,12,3,853.3333333333334,0.559931 0.559931 0.559931 0.560313 0.560313 0.560313 0.560313 0.560313 0.560313 0.581918 0.562937 0.565153,0.559931 0.559931 0.559931 0.560313 0.560313 0.560313 0.560313 0.560313 0.560313 0.572304 0.562937 0.565153,0.559931 0.559931 0.559931 0.560313 0.560313 0.560313 0.560313 0.560313 0.560313 0.581918 0.562937 0.565153,0 0 0 0 0 0 0 0 0 1 1 1,3,True,False
1,O2:03,1,possible,0.5808855295181274,0.6083999276161194,0.5808855295181274,0.5808855295181274,0.5684476494789124,0.6083999276161194,0.012737247161567211,O2,O2,intphys-dev,12,2,640.0,0.608400 0.590777 0.579015 0.574881 0.574876 0.580886 0.556010 0.590816 0.568601 0.574165 0.580507 0.582374,0.608400 0.590777 0.579015 0.574881 0.574876 0.571212 0.564631 0.590816 0.568601 0.574165 0.580507 0.582374,0.608400 0.590777 0.579015 0.574881 0.574876 0.580886 0.556010 0.590816 0.568601 0.574165 0.580507 0.582374,0 0 0 0 0 1 1 0 0 0 0 0,3,True,False
3,O2:03,1,impossible,0.5777438879013062,0.6083999276161194,0.5777438879013062,0.5777438879013062,0.5663433969020844,0.6083999276161194,0.012751291505992413,O2,O2,intphys-dev,12,2,640.0,0.608400 0.590777 0.579015 0.574881 0.574876 0.577744 0.554943 0.590599 0.568601 0.574165 0.580507 0.582374,0.608400 0.590777 0.579015 0.574881 0.574876 0.568659 0.562289 0.590599 0.568601 0.574165 0.580507 0.582374,0.608400 0.590777 0.579015 0.574881 0.574876 0.577744 0.554943 0.590599 0.568601 0.574165 0.580507 0.582374,0 0 0 0 0 1 1 0 0 0 0 0,1,True,False
4,O2:03,4,possible,0.583418071269989,0.6077073216438293,0.583418071269989,0.583418071269989,0.5703800320625305,0.6077073216438293,0.012860818766057491,O2,O2,intphys-dev,12,2,640.0,0.607707 0.590509 0.580588 0.575906 0.578572 0.583418 0.557342 0.597552 0.571831 0.573759 0.579740 0.583681,0.607707 0.590509 0.580588 0.575906 0.578572 0.573520 0.566692 0.597552 0.571831 0.573759 0.579740 0.583681,0.607707 0.590509 0.580588 0.575906 0.578572 0.583418 0.557342 0.597552 0.571831 0.573759 0.579740 0.583681,0 0 0 0 0 1 1 0 0 0 0 0,2,True,False
2,O2:03,4,impossible,0.5781078934669495,0.6077073216438293,0.5781078934669495,0.5781078934669495,0.5664158165454865,0.6077073216438293,0.01284709107130766,O2,O2,intphys-dev,12,2,640.0,0.607707 0.590509 0.580588 0.575906 0.578572 0.578108 0.554724 0.590017 0.571831 0.573759 0.579740 0.583681,0.607707 0.590509 0.580588 0.575906 0.578572 0.568175 0.562432 0.590017 0.571831 0.573759 0.579740 0.583681,0.607707 0.590509 0.580588 0.575906 0.578572 0.578108 0.554724 0.590017 0.571831 0.573759 0.579740 0.583681,0 0 0 0 0 1 1 0 0 0 0 0,4,True,False
1,O2:04,1,possible,0.5728616714477539,0.6079673767089844,0.5728616714477539,0.5728616714477539,0.566985011100769,0.6079673767089844,0.01404946856200695,O2,O2,intphys-dev,12,2,768.0,0.607967 0.595021 0.590817 0.585632 0.578567 0.572862 0.561108 0.594141 0.574119 0.578973 0.586363 0.592725,0.607967 0.595021 0.590817 0.585632 0.578567 0.571380 0.567730 0.594141 0.574119 0.578973 0.586363 0.592725,0.607967 0.595021 0.590817 0.585632 0.578567 0.572862 0.561108 0.594141 0.574119 0.578973 0.586363 0.592725,0 0 0 0 0 1 1 0 0 0 0 0,3,True,False
3,O2:04,1,impossible,0.5724003911018372,0.6079673767089844,0.5724003911018372,0.5724003911018372,0.5667051076889038,0.6079673767089844,0.014035551808774471,O2,O2,intphys-dev,12,2,768.0,0.607967 0.595021 0.590817 0.585632 0.578567 0.572400 0.561010 0.591215 0.574119 0.578973 0.586363 0.592725,0.607967 0.595021 0.590817 0.585632 0.578567 0.570568 0.566439 0.591215 0.574119 0.578973 0.586363 0.592725,0.607967 0.595021 0.590817 0.585632 0.578567 0.572400 0.561010 0.591215 0.574119 0.578973 0.586363 0.592725,0 0 0 0 0 1 1 0 0 0 0 0,1,True,False
4,O2:04,4,possible,0.5718798637390137,0.6081689596176147,0.5718798637390137,0.5718798637390137,0.566422313451767,0.6081689596176147,0.01392773911356926,O2,O2,intphys-dev,12,2,768.0,0.608169 0.595071 0.590259 0.584228 0.577815 0.571880 0.560965 0.591364 0.572026 0.579603 0.585944 0.594597,0.608169 0.595071 0.590259 0.584228 0.577815 0.570690 0.566847 0.591364 0.572026 0.579603 0.585944 0.594597,0.608169 0.595071 0.590259 0.584228 0.577815 0.571880 0.560965 0.591364 0.572026 0.579603 0.585944 0.594597,0 0 0 0 0 1 1 0 0 0 0 0,2,True,False
2,O2:04,4,impossible,0.5712307691574097,0.6081689596176147,0.5712307691574097,0.5712307691574097,0.5675851702690125,0.6081689596176147,0.01394159346818924,O2,O2,intphys-dev,12,2,768.0,0.608169 0.595071 0.590259 0.584228 0.577815 0.571231 0.563940 0.592123 0.572026 0.579603 0.585944 0.594597,0.608169 0.595071 0.590259 0.584228 0.577815 0.569470 0.569939 0.592123 0.572026 0.579603 0.585944 0.594597,0.608169 0.595071 0.590259 0.584228 0.577815 0.571231 0.563940 0.592123 0.572026 0.579603 0.585944 0.594597,0 0 0 0 0 1 1 0 0 0 0 0,4,True,False
2,O2:05,2,possible,0.5771079063415527,0.5771079659461975,0.5771079063415527,0.5771079063415527,0.5648641784985861,0.5771079659461975,0.003362752730026841,O2,O2,intphys-dev,12,9,995.5555555555555,0.575815 0.576696 0.568886 0.568540 0.568270 0.558261 0.558048 0.577108 0.560086 0.561718 0.563900 0.567847,0.575815 0.576696 0.568886 0.567607 0.568270 0.558261 0.558048 0.577108 0.560086 0.561718 0.563900 0.567847,0.575815 0.576696 0.568886 0.568540 0.568270 0.558261 0.558048 0.577108 0.560086 0.561718 0.563900 0.567847,0 0 0 1 1 1 1 1 1 1 1 1,4,True,False
4,O2:05,2,impossible,0.5797634124755859,0.5797634124755859,0.5797634124755859,0.5797634124755859,0.5677884221076965,0.5797634124755859,0.003352330531924963,O2,O2,intphys-dev,12,9,995.5555555555555,0.575815 0.576696 0.568886 0.571385 0.569748 0.557929 0.559896 0.579763 0.561108 0.563008 0.575762 0.571496,0.575815 0.576696 0.568886 0.569697 0.569748 0.557929 0.559896 0.579763 0.561108 0.563008 0.575762 0.571496,0.575815 0.576696 0.568886 0.571385 0.569748 0.557929 0.559896 0.579763 0.561108 0.563008 0.575762 0.571496,0 0 0 1 1 1 1 1 1 1 1 1,2,True,False
3,O2:05,3,possible,0.5797634124755859,0.5797634124755859,0.5797634124755859,0.5797634124755859,0.567441980044047,0.5797634124755859,0.0033455078955739737,O2,O2,intphys-dev,12,9,995.5555555555555,0.577959 0.579366 0.570794 0.569417 0.568599 0.557929 0.559896 0.579763 0.561108 0.563008 0.575762 0.571496,0.577959 0.579366 0.570794 0.568825 0.568599 0.557929 0.559896 0.579763 0.561108 0.563008 0.575762 0.571496,0.577959 0.579366 0.570794 0.569417 0.568599 0.557929 0.559896 0.579763 0.561108 0.563008 0.575762 0.571496,0 0 0 1 1 1 1 1 1 1 1 1,1,True,False
1,O2:05,3,impossible,0.5771079063415527,0.5793660283088684,0.5771079063415527,0.5771079063415527,0.5651602149009705,0.5793660283088684,0.003356033470481634,O2,O2,intphys-dev,12,9,995.5555555555555,0.577959 0.579366 0.570794 0.571206 0.568268 0.558261 0.558048 0.577108 0.560086 0.561718 0.563900 0.567847,0.577959 0.579366 0.570794 0.570273 0.568268 0.558261 0.558048 0.577108 0.560086 0.561718 0.563900 0.567847,0.577959 0.579366 0.570794 0.571206 0.568268 0.558261 0.558048 0.577108 0.560086 0.561718 0.563900 0.567847,0 0 0 1 1 1 1 1 1 1 1 1,3,True,False
2,O2:06,2,possible,0.5475859642028809,0.5475859642028809,0.5475859642028809,0.5475859642028809,0.5460096597671509,0.5475859642028809,0.001152075594291091,O2,O2,intphys-dev,12,4,960.0,0.547586 0.547586 0.547586 0.541281 0.546339 0.546339 0.546339 0.546339 0.546339 0.547586 0.547586 0.547586,0.547586 0.547586 0.547586 0.546339 0.546339 0.546339 0.546339 0.546339 0.546339 0.547586 0.547586 0.547586,0.547586 0.547586 0.547586 0.541281 0.546339 0.546339 0.546339 0.546339 0.546339 0.547586 0.547586 0.547586,1 1 1 1 0 0 0 0 0 0 0 0,4,True,False
4,O2:06,2,impossible,0.5751928091049194,0.5795177817344666,0.5751928091049194,0.5751928091049194,0.5532843470573425,0.5795177817344666,0.0011765389936044812,O2,O2,intphys-dev,12,4,960.0,0.546084 0.545930 0.545930 0.575193 0.551769 0.546339 0.546339 0.546339 0.546339 0.547586 0.547586 0.547586,0.546084 0.545930 0.545930 0.579518 0.551769 0.546339 0.546339 0.546339 0.546339 0.547586 0.547586 0.547586,0.546084 0.545930 0.545930 0.575193 0.551769 0.546339 0.546339 0.546339 0.546339 0.547586 0.547586 0.547586,1 1 1 1 0 0 0 0 0 0 0 0,2,True,False
3,O2:06,3,possible,0.5460840463638306,0.5471845865249634,0.5460840463638306,0.5460840463638306,0.5447715669870377,0.5471845865249634,0.0011521711712703109,O2,O2,intphys-dev,12,4,960.0,0.546084 0.545930 0.545930 0.541142 0.547185 0.547185 0.547185 0.547185 0.547185 0.545930 0.545930 0.545930,0.546084 0.545930 0.545930 0.547185 0.547185 0.547185 0.547185 0.547185 0.547185 0.545930 0.545930 0.545930,0.546084 0.545930 0.545930 0.541142 0.547185 0.547185 0.547185 0.547185 0.547185 0.545930 0.545930 0.545930,1 1 1 1 0 0 0 0 0 0 0 0,1,True,False
1,O2:06,3,impossible,0.568176805973053,0.5730957984924316,0.568176805973053,0.568176805973053,0.5527336746454239,0.5730957984924316,0.0011764030205085874,O2,O2,intphys-dev,12,4,960.0,0.547586 0.547586 0.547586 0.568177 0.552749 0.547185 0.547185 0.547185 0.547185 0.545930 0.545930 0.545930,0.547586 0.547586 0.547586 0.573096 0.552749 0.547185 0.547185 0.547185 0.547185 0.545930 0.545930 0.545930,0.547586 0.547586 0.547586 0.568177 0.552749 0.547185 0.547185 0.547185 0.547185 0.545930 0.545930 0.545930,1 1 1 1 0 0 0 0 0 0 0 0,3,True,False
2,O2:07,2,possible,0.5808780193328857,0.5821821093559265,0.5808780193328857,0.5808780193328857,0.5764672557512919,0.5821821093559265,0.002944464096799493,O2,O2,intphys-dev,12,3,938.6666666666666,0.579045 0.582182 0.578693 0.574592 0.571223 0.566818 0.557762 0.579825 0.572731 0.574781 0.573742 0.580878,0.579045 0.582182 0.578693 0.574592 0.571223 0.566818 0.557762 0.579825 0.572731 0.574914 0.573742 0.580878,0.579045 0.582182 0.578693 0.574592 0.571223 0.566818 0.557762 0.579825 0.572731 0.574781 0.573742 0.580878,0 0 0 0 0 0 0 0 0 1 1 1,1,True,False
1,O2:07,2,impossible,0.5758662819862366,0.5821821093559265,0.5758662819862366,0.5758662819862366,0.5724872152010599,0.5821821093559265,0.0029425283428281546,O2,O2,intphys-dev,12,3,938.6666666666666,0.579045 0.582182 0.578693 0.574592 0.571223 0.566818 0.557762 0.579825 0.572731 0.575866 0.572962 0.568633,0.579045 0.582182 0.578693 0.574592 0.571223 0.566818 0.557762 0.579825 0.572731 0.576057 0.572962 0.568633,0.579045 0.582182 0.578693 0.574592 0.571223 0.566818 0.557762 0.579825 0.572731 0.575866 0.572962 0.568633,0 0 0 0 0 0 0 0 0 1 1 1,2,True,False
3,O2:07,3,possible,0.5756868720054626,0.5799585580825806,0.5756868720054626,0.5756868720054626,0.5725926955540975,0.5799585580825806,0.0029392195865511894,O2,O2,intphys-dev,12,3,938.6666666666666,0.569845 0.573228 0.576871 0.574083 0.570328 0.564975 0.557513 0.579959 0.572607 0.575687 0.573458 0.568633,0.569845 0.573228 0.576871 0.574083 0.570328 0.564975 0.557513 0.579959 0.572607 0.575128 0.573458 0.568633,0.569845 0.573228 0.576871 0.574083 0.570328 0.564975 0.557513 0.579959 0.572607 0.575687 0.573458 0.568633,0 0 0 0 0 0 0 0 0 1 1 1,4,True,False
4,O2:07,3,impossible,0.5808780193328857,0.580877959728241,0.5808780193328857,0.5808780193328857,0.5770598451296488,0.580877959728241,0.002941070357337594,O2,O2,intphys-dev,12,3,938.6666666666666,0.569845 0.573228 0.576871 0.574083 0.570328 0.564975 0.557513 0.579959 0.572607 0.576115 0.574187 0.580878,0.569845 0.573228 0.576871 0.574083 0.570328 0.564975 0.557513 0.579959 0.572607 0.575332 0.574187 0.580878,0.569845 0.573228 0.576871 0.574083 0.570328 0.564975 0.557513 0.579959 0.572607 0.576115 0.574187 0.580878,0 0 0 0 0 0 0 0 0 1 1 1,3,True,False
1,O2:08,1,possible,0.5694198608398438,0.5676066875457764,0.5694198608398438,0.5694198608398438,0.5671929240226745,0.5676066875457764,0.0011508180759847164,O2,O2,intphys-dev,12,5,972.8,0.566313 0.566313 0.566313 0.567607 0.567607 0.567607 0.567607 0.569420 0.567607 0.566313 0.566313 0.566313,0.566313 0.566313 0.566313 0.567607 0.567607 0.567607 0.567607 0.567607 0.567607 0.566313 0.566313 0.566313,0.566313 0.566313 0.566313 0.567607 0.567607 0.567607 0.567607 0.569420 0.567607 0.566313 0.566313 0.566313,0 0 0 0 0 0 0 1 1 1 1 1,4,True,False
4,O2:08,1,impossible,0.5706584453582764,0.5680423974990845,0.5706584453582764,0.5706584453582764,0.5626329183578491,0.5680423974990845,0.0011720273178070784,O2,O2,intphys-dev,12,5,972.8,0.566313 0.566313 0.566313 0.567607 0.567607 0.567607 0.567607 0.570658 0.561961 0.560182 0.560182 0.560182,0.566313 0.566313 0.566313 0.567607 0.567607 0.567607 0.567607 0.568042 0.561961 0.560182 0.560182 0.560182,0.566313 0.566313 0.566313 0.567607 0.567607 0.567607 0.567607 0.570658 0.561961 0.560182 0.560182 0.560182,0 0 0 0 0 0 0 1 1 1 1 1,1,True,False
3,O2:08,3,possible,0.5625246167182922,0.5614117383956909,0.5625246167182922,0.5625246167182922,0.5608963251113892,0.5614117383956909,0.0011535041267052293,O2,O2,intphys-dev,12,5,972.8,0.560182 0.560182 0.560182 0.561412 0.561412 0.561412 0.561412 0.562525 0.561412 0.560182 0.560182 0.560182,0.560182 0.560182 0.560182 0.561412 0.561412 0.561412 0.561412 0.561412 0.561412 0.560182 0.560182 0.560182,0.560182 0.560182 0.560182 0.561412 0.561412 0.561412 0.561412 0.562525 0.561412 0.560182 0.560182 0.560182,0 0 0 0 0 0 0 1 1 1 1 1,2,True,False
2,O2:08,3,impossible,0.5663365125656128,0.5663126707077026,0.5663365125656128,0.5663365125656128,0.5659327864646911,0.5663126707077026,0.0011728073004633188,O2,O2,intphys-dev,12,5,972.8,0.560182 0.560182 0.560182 0.561412 0.561412 0.561412 0.561412 0.566337 0.564389 0.566313 0.566313 0.566313,0.560182 0.560182 0.560182 0.561412 0.561412 0.561412 0.561412 0.563664 0.564389 0.566313 0.566313 0.566313,0.560182 0.560182 0.560182 0.561412 0.561412 0.561412 0.561412 0.566337 0.564389 0.566313 0.566313 0.566313,0 0 0 0 0 0 0 1 1 1 1 1,3,True,False
1,O2:09,1,possible,0.5837900638580322,0.583790123462677,0.5837900638580322,0.5837900638580322,0.571602076292038,0.583790123462677,0.003028815845027566,O2,O2,intphys-dev,12,6,938.6666666666666,0.568978 0.568978 0.568978 0.573731 0.583790 0.565157 0.572427 0.570797 0.563981 0.562811 0.568608 0.568910,0.568978 0.568978 0.568978 0.573731 0.583790 0.575422 0.572427 0.570797 0.563981 0.562811 0.568608 0.568910,0.568978 0.568978 0.568978 0.573731 0.583790 0.565157 0.572427 0.570797 0.563981 0.562811 0.568608 0.568910,1 1 1 1 1 1 0 0 0 0 0 0,4,True,False
4,O2:09,1,impossible,0.5820615291595459,0.5820615291595459,0.5820615291595459,0.5820615291595459,0.5699153145154318,0.5820615291595459,0.0030050836503505707,O2,O2,intphys-dev,12,6,938.6666666666666,0.568099 0.568099 0.568099 0.572692 0.582062 0.560440 0.571893 0.570797 0.563981 0.562811 0.568608 0.568910,0.568100 0.568100 0.568100 0.572692 0.582062 0.571909 0.571893 0.570797 0.563981 0.562811 0.568608 0.568910,0.568099 0.568099 0.568099 0.572692 0.582062 0.560440 0.571893 0.570797 0.563981 0.562811 0.568608 0.568910,1 1 1 1 1 1 0 0 0 0 0 0,1,True,False
2,O2:09,2,possible,0.5820615291595459,0.5820615291595459,0.5820615291595459,0.5820615291595459,0.5697271724541982,0.5820615291595459,0.0029132443014532328,O2,O2,intphys-dev,12,6,938.6666666666666,0.568099 0.568099 0.568099 0.572692 0.582062 0.559311 0.566854 0.565700 0.559671 0.563409 0.568129 0.568403,0.568100 0.568100 0.568100 0.572692 0.582062 0.570546 0.566854 0.565700 0.559671 0.563409 0.568129 0.568403,0.568099 0.568099 0.568099 0.572692 0.582062 0.559311 0.566854 0.565700 0.559671 0.563409 0.568129 0.568403,1 1 1 1 1 1 0 0 0 0 0 0,3,True,False
3,O2:09,2,impossible,0.5837900638580322,0.583790123462677,0.5837900638580322,0.5837900638580322,0.5713733931382498,0.583790123462677,0.0029408675618469715,O2,O2,intphys-dev,12,6,938.6666666666666,0.568978 0.568978 0.568978 0.573731 0.583790 0.563785 0.567259 0.565700 0.559671 0.563409 0.568129 0.568403,0.568978 0.568978 0.568978 0.573731 0.583790 0.575439 0.567259 0.565700 0.559671 0.563409 0.568129 0.568403,0.568978 0.568978 0.568978 0.573731 0.583790 0.563785 0.567259 0.565700 0.559671 0.563409 0.568129 0.568403,1 1 1 1 1 1 0 0 0 0 0 0,2,True,False
1,O2:10,1,possible,0.5932154655456543,0.6096186637878418,0.5932154655456543,0.5932154655456543,0.582047313451767,0.6096186637878418,0.013559196144342422,O2,O2,intphys-dev,12,2,512.0,0.609619 0.597229 0.588293 0.585780 0.585923 0.593215 0.570879 0.588909 0.583573 0.584770 0.588366 0.591293,0.609619 0.597229 0.588293 0.585780 0.585923 0.580082 0.574416 0.588909 0.583573 0.584770 0.588366 0.591293,0.609619 0.597229 0.588293 0.585780 0.585923 0.593215 0.570879 0.588909 0.583573 0.584770 0.588366 0.591293,0 0 0 0 0 1 1 0 0 0 0 0,3,True,False
3,O2:10,1,impossible,0.594446063041687,0.6096186637878418,0.594446063041687,0.594446063041687,0.5847990214824677,0.6096186637878418,0.013597263023257256,O2,O2,intphys-dev,12,2,512.0,0.609619 0.597229 0.588293 0.585780 0.585923 0.594446 0.575152 0.588279 0.583573 0.584770 0.588366 0.591293,0.609619 0.597229 0.588293 0.585780 0.585923 0.579727 0.577734 0.588279 0.583573 0.584770 0.588366 0.591293,0.609619 0.597229 0.588293 0.585780 0.585923 0.594446 0.575152 0.588279 0.583573 0.584770 0.588366 0.591293,0 0 0 0 0 1 1 0 0 0 0 0,1,True,False
2,O2:10,2,possible,0.5928072333335876,0.6085980534553528,0.5928072333335876,0.5928072333335876,0.5833433270454407,0.6085980534553528,0.013878117315471172,O2,O2,intphys-dev,12,2,512.0,0.608598 0.597310 0.586905 0.587503 0.586103 0.592807 0.573879 0.589930 0.584730 0.583053 0.585911 0.591126,0.608598 0.597310 0.586905 0.587503 0.586103 0.579419 0.576189 0.589930 0.584730 0.583053 0.585911 0.591126,0.608598 0.597310 0.586905 0.587503 0.586103 0.592807 0.573879 0.589930 0.584730 0.583053 0.585911 0.591126,0 0 0 0 0 1 1 0 0 0 0 0,4,True,False
4,O2:10,2,impossible,0.5938071012496948,0.6085980534553528,0.5938071012496948,0.5938071012496948,0.5826516151428223,0.6085980534553528,0.01384334359318018,O2,O2,intphys-dev,12,2,512.0,0.608598 0.597310 0.586905 0.587503 0.586103 0.593807 0.571496 0.589438 0.584730 0.583053 0.585911 0.591126,0.608598 0.597310 0.586905 0.587503 0.586103 0.578872 0.574848 0.589438 0.584730 0.583053 0.585911 0.591126,0.608598 0.597310 0.586905 0.587503 0.586103 0.593807 0.571496 0.589438 0.584730 0.583053 0.585911 0.591126,0 0 0 0 0 1 1 0 0 0 0 0,2,True,False
1,O2:11,1,possible,0.5754388570785522,0.6083696484565735,0.5754388570785522,0.5754388570785522,0.5640068650245667,0.6083696484565735,0.012714466080069542,O2,O2,intphys-dev,12,2,640.0,0.608370 0.592026 0.586452 0.577510 0.573536 0.575439 0.552575 0.598428 0.569943 0.570713 0.580994 0.588698,0.608370 0.592026 0.586452 0.577510 0.573536 0.566862 0.560473 0.598428 0.569943 0.570713 0.580994 0.588698,0.608370 0.592026 0.586452 0.577510 0.573536 0.575439 0.552575 0.598428 0.569943 0.570713 0.580994 0.588698,0 0 0 0 0 1 1 0 0 0 0 0,3,True,False
3,O2:11,1,impossible,0.5764076113700867,0.6083696484565735,0.5764076113700867,0.5764076113700867,0.5659105479717255,0.6083696484565735,0.012736454606056213,O2,O2,intphys-dev,12,2,640.0,0.608370 0.592026 0.586452 0.577510 0.573536 0.576408 0.555413 0.597007 0.569943 0.570713 0.580994 0.588698,0.608370 0.592026 0.586452 0.577510 0.573536 0.566594 0.563379 0.597007 0.569943 0.570713 0.580994 0.588698,0.608370 0.592026 0.586452 0.577510 0.573536 0.576408 0.555413 0.597007 0.569943 0.570713 0.580994 0.588698,0 0 0 0 0 1 1 0 0 0 0 0,1,True,False
2,O2:11,2,possible,0.5805326104164124,0.6089143753051758,0.5805326104164124,0.5805326104164124,0.5679815411567688,0.6089143753051758,0.012867756187915802,O2,O2,intphys-dev,12,2,640.0,0.608914 0.593206 0.586358 0.576164 0.574458 0.580533 0.555430 0.598867 0.570718 0.573120 0.582368 0.589119,0.608914 0.593206 0.586358 0.576164 0.574458 0.570116 0.564715 0.598867 0.570718 0.573120 0.582368 0.589119,0.608914 0.593206 0.586358 0.576164 0.574458 0.580533 0.555430 0.598867 0.570718 0.573120 0.582368 0.589119,0 0 0 0 0 1 1 0 0 0 0 0,4,True,False
4,O2:11,2,impossible,0.576812744140625,0.6089143753051758,0.576812744140625,0.576812744140625,0.5652620494365692,0.6089143753051758,0.012845771387219429,O2,O2,intphys-dev,12,2,640.0,0.608914 0.593206 0.586358 0.576164 0.574458 0.576813 0.553711 0.595583 0.570718 0.573120 0.582368 0.589119,0.608914 0.593206 0.586358 0.576164 0.574458 0.566200 0.561721 0.595583 0.570718 0.573120 0.582368 0.589119,0.608914 0.593206 0.586358 0.576164 0.574458 0.576813 0.553711 0.595583 0.570718 0.573120 0.582368 0.589119,0 0 0 0 0 1 1 0 0 0 0 0,2,True,False
1,O2:12,1,possible,0.5803752541542053,0.5803752541542053,0.5803752541542053,0.5803752541542053,0.5764356454213461,0.5803752541542053,0.0029180722776800394,O2,O2,intphys-dev,12,6,1024.0,0.573640 0.573640 0.573640 0.578877 0.580375 0.578441 0.578259 0.575578 0.573031 0.570610 0.572866 0.574624,0.573640 0.573640 0.573640 0.578877 0.580375 0.578441 0.578259 0.575578 0.573031 0.570610 0.572866 0.574624,0.573640 0.573640 0.573640 0.578877 0.580375 0.578441 0.578259 0.575578 0.573031 0.570610 0.572866 0.574624,1 1 1 1 1 1 0 0 0 0 0 0,2,True,False
2,O2:12,1,impossible,0.5810691714286804,0.5810691714286804,0.5810691714286804,0.5810691714286804,0.5754372278849283,0.5810691714286804,0.0028923049103468657,O2,O2,intphys-dev,12,6,1024.0,0.572138 0.572138 0.572138 0.579694 0.581069 0.575445 0.578449 0.575578 0.573031 0.570610 0.572866 0.574624,0.572138 0.572138 0.572138 0.579694 0.581069 0.575445 0.578449 0.575578 0.573031 0.570610 0.572866 0.574624,0.572138 0.572138 0.572138 0.579694 0.581069 0.575445 0.578449 0.575578 0.573031 0.570610 0.572866 0.574624,1 1 1 1 1 1 0 0 0 0 0 0,1,True,False
4,O2:12,4,possible,0.5810691714286804,0.5810691714286804,0.5810691714286804,0.5810691714286804,0.5754372278849283,0.5810691714286804,0.0027347831055521965,O2,O2,intphys-dev,12,6,1024.0,0.572138 0.572138 0.572138 0.579694 0.581069 0.575445 0.574979 0.572009 0.569780 0.571395 0.573457 0.573641,0.572138 0.572138 0.572138 0.579694 0.581069 0.575445 0.574979 0.572009 0.569780 0.571395 0.573457 0.573641,0.572138 0.572138 0.572138 0.579694 0.581069 0.575445 0.574979 0.572009 0.569780 0.571395 0.573457 0.573641,1 1 1 1 1 1 0 0 0 0 0 0,3,True,False
3,O2:12,4,impossible,0.5803752541542053,0.5803752541542053,0.5803752541542053,0.5803752541542053,0.5764356454213461,0.5803752541542053,0.0027643279172480106,O2,O2,intphys-dev,12,6,1024.0,0.573640 0.573640 0.573640 0.578877 0.580375 0.578441 0.575176 0.572009 0.569780 0.571395 0.573457 0.573641,0.573640 0.573640 0.573640 0.578877 0.580375 0.578441 0.575176 0.572009 0.569780 0.571395 0.573457 0.573641,0.573640 0.573640 0.573640 0.578877 0.580375 0.578441 0.575176 0.572009 0.569780 0.571395 0.573457 0.573641,1 1 1 1 1 1 0 0 0 0 0 0,4,True,False
3,O2:13,3,possible,0.5859168767929077,0.5859168767929077,0.5859168767929077,0.5859168767929077,0.5713540514310201,0.5859168767929077,0.0028380576986819506,O2,O2,intphys-dev,12,6,981.3333333333334,0.574443 0.578097 0.574464 0.570472 0.572420 0.559282 0.561810 0.585917 0.570118 0.567965 0.569840 0.572475,0.574443 0.578097 0.574464 0.570472 0.572420 0.559282 0.559833 0.585917 0.570118 0.567965 0.569840 0.572475,0.574443 0.578097 0.574464 0.570472 0.572420 0.559282 0.561810 0.585917 0.570118 0.567965 0.569840 0.572475,0 0 0 0 0 0 1 1 1 1 1 1,1,True,False
1,O2:13,3,impossible,0.5873675346374512,0.5873674750328064,0.5873675346374512,0.5873675346374512,0.5736162066459656,0.5873674750328064,0.002839757828041911,O2,O2,intphys-dev,12,6,981.3333333333334,0.574443 0.578097 0.574464 0.570472 0.572420 0.559282 0.560465 0.582977 0.569066 0.567032 0.587368 0.574791,0.574443 0.578097 0.574464 0.570472 0.572420 0.559282 0.558303 0.582977 0.569066 0.567032 0.587367 0.574791,0.574443 0.578097 0.574464 0.570472 0.572420 0.559282 0.560465 0.582977 0.569066 0.567032 0.587368 0.574791,0 0 0 0 0 0 1 1 1 1 1 1,3,True,False
4,O2:13,4,possible,0.5873675346374512,0.5873674750328064,0.5873675346374512,0.5873675346374512,0.5741910835107168,0.5873674750328064,0.002843399066478014,O2,O2,intphys-dev,12,6,981.3333333333334,0.585105 0.585087 0.575653 0.570206 0.574008 0.560234 0.561687 0.585204 0.569066 0.567032 0.587368 0.574791,0.585105 0.585087 0.575653 0.570206 0.574008 0.560234 0.560818 0.585204 0.569066 0.567032 0.587367 0.574791,0.585105 0.585087 0.575653 0.570206 0.574008 0.560234 0.561687 0.585204 0.569066 0.567032 0.587368 0.574791,0 0 0 0 0 0 1 1 1 1 1 1,2,True,False
2,O2:13,4,impossible,0.5856677889823914,0.5856677293777466,0.5856677889823914,0.5856677889823914,0.571328341960907,0.5856677293777466,0.0028418153524398804,O2,O2,intphys-dev,12,6,981.3333333333334,0.585105 0.585087 0.575653 0.570206 0.574008 0.560234 0.561905 0.585668 0.570118 0.567965 0.569840 0.572475,0.585105 0.585087 0.575653 0.570206 0.574008 0.560234 0.560184 0.585668 0.570118 0.567965 0.569840 0.572475,0.585105 0.585087 0.575653 0.570206 0.574008 0.560234 0.561905 0.585668 0.570118 0.567965 0.569840 0.572475,0 0 0 0 0 0 1 1 1 1 1 1,4,True,False
1,O2:14,1,possible,0.5692476034164429,0.578612208366394,0.5692476034164429,0.5692476034164429,0.560978353023529,0.578612208366394,0.002922096522524953,O2,O2,intphys-dev,12,3,853.3333333333334,0.569248 0.563787 0.549900 0.561780 0.560445 0.557994 0.556242 0.578612 0.558494 0.558757 0.560017 0.559581,0.569248 0.563787 0.563115 0.561780 0.560445 0.557994 0.556242 0.578612 0.558494 0.558757 0.560017 0.559581,0.569248 0.563787 0.549900 0.561780 0.560445 0.557994 0.556242 0.578612 0.558494 0.558757 0.560017 0.559581,1 1 1 0 0 0 0 0 0 0 0 0,3,True,False
3,O2:14,1,impossible,0.5765699148178101,0.578612208366394,0.5765699148178101,0.5765699148178101,0.5655929247538248,0.578612208366394,0.0029184750746935606,O2,O2,intphys-dev,12,3,853.3333333333334,0.576570 0.570518 0.549691 0.562219 0.560445 0.557994 0.556242 0.578612 0.558494 0.558757 0.560017 0.559581,0.576570 0.570518 0.563742 0.562219 0.560445 0.557994 0.556242 0.578612 0.558494 0.558757 0.560017 0.559581,0.576570 0.570518 0.549691 0.562219 0.560445 0.557994 0.556242 0.578612 0.558494 0.558757 0.560017 0.559581,1 1 1 0 0 0 0 0 0 0 0 0,1,True,False
4,O2:14,4,possible,0.5765699148178101,0.5774213671684265,0.5765699148178101,0.5765699148178101,0.5653715133666992,0.5774213671684265,0.0029175165109336376,O2,O2,intphys-dev,12,3,853.3333333333334,0.576570 0.570518 0.549027 0.561935 0.559961 0.556329 0.556823 0.577421 0.556910 0.560553 0.561364 0.576652,0.576570 0.570518 0.563124 0.561935 0.559961 0.556329 0.556823 0.577421 0.556910 0.560553 0.561364 0.576652,0.576570 0.570518 0.549027 0.561935 0.559961 0.556329 0.556823 0.577421 0.556910 0.560553 0.561364 0.576652,1 1 1 0 0 0 0 0 0 0 0 0,2,True,False
2,O2:14,4,impossible,0.5692476034164429,0.5774213671684265,0.5692476034164429,0.5692476034164429,0.561184028784434,0.5774213671684265,0.0029212413355708122,O2,O2,intphys-dev,12,3,853.3333333333334,0.569248 0.563787 0.550517 0.563053 0.559961 0.556329 0.556823 0.577421 0.556910 0.560553 0.561364 0.576652,0.569248 0.563787 0.564211 0.563053 0.559961 0.556329 0.556823 0.577421 0.556910 0.560553 0.561364 0.576652,0.569248 0.563787 0.550517 0.563053 0.559961 0.556329 0.556823 0.577421 0.556910 0.560553 0.561364 0.576652,1 1 1 0 0 0 0 0 0 0 0 0,4,True,False
2,O2:15,2,possible,0.5718281269073486,0.5607458353042603,0.5718281269073486,0.5718281269073486,0.5635164082050323,0.5607458353042603,0.0011526934104040265,O2,O2,intphys-dev,12,4,832.0,0.560746 0.560746 0.560746 0.560444 0.560444 0.560444 0.560444 0.560444 0.571828 0.560746 0.560746 0.560746,0.560746 0.560746 0.560746 0.560444 0.560444 0.560444 0.560444 0.560444 0.560444 0.560746 0.560746 0.560746,0.560746 0.560746 0.560746 0.560444 0.560444 0.560444 0.560444 0.560444 0.571828 0.560746 0.560746 0.560746,0 0 0 0 0 0 0 0 1 1 1 1,3,True,False
3,O2:15,2,impossible,0.6020051836967468,0.5687527060508728,0.6020051836967468,0.6020051836967468,0.5734385401010513,0.5687527060508728,0.0011619182769209146,O2,O2,intphys-dev,12,4,832.0,0.560746 0.560746 0.560746 0.560444 0.560444 0.560444 0.560444 0.560444 0.602005 0.567462 0.561484 0.562803,0.560746 0.560746 0.560746 0.560444 0.560444 0.560444 0.560444 0.560444 0.568753 0.567462 0.561484 0.562803,0.560746 0.560746 0.560746 0.560444 0.560444 0.560444 0.560444 0.560444 0.602005 0.567462 0.561484 0.562803,0 0 0 0 0 0 0 0 1 1 1 1,2,True,False
4,O2:15,4,possible,0.5722821950912476,0.5628034472465515,0.5722821950912476,0.5722821950912476,0.5651731342077255,0.5628034472465515,0.0011557049583643675,O2,O2,intphys-dev,12,4,832.0,0.562803 0.562803 0.562803 0.562469 0.562469 0.562469 0.562469 0.562469 0.572282 0.562803 0.562803 0.562803,0.562803 0.562803 0.562803 0.562469 0.562469 0.562469 0.562469 0.562469 0.562469 0.562803 0.562803 0.562803,0.562803 0.562803 0.562803 0.562469 0.562469 0.562469 0.562469 0.562469 0.572282 0.562803 0.562803 0.562803,0 0 0 0 0 0 0 0 1 1 1 1,1,True,False
1,O2:15,4,impossible,0.5950721502304077,0.5679159760475159,0.5950721502304077,0.5950721502304077,0.570736825466156,0.5679159760475159,0.0011635464616119862,O2,O2,intphys-dev,12,4,832.0,0.562803 0.562803 0.562803 0.562469 0.562469 0.562469 0.562469 0.562469 0.595072 0.566260 0.560869 0.560746,0.562803 0.562803 0.562803 0.562469 0.562469 0.562469 0.562469 0.562469 0.567916 0.566260 0.560869 0.560746,0.562803 0.562803 0.562803 0.562469 0.562469 0.562469 0.562469 0.562469 0.595072 0.566260 0.560869 0.560746,0 0 0 0 0 0 0 0 1 1 1 1,4,True,False
2,O2:16,2,possible,0.5790155529975891,0.5791628360748291,0.5790155529975891,0.5790155529975891,0.5714966058731079,0.5791628360748291,0.0027624480426311493,O2,O2,intphys-dev,12,2,768.0,0.567290 0.567290 0.567290 0.579163 0.579016 0.563978 0.572412 0.572786 0.571528 0.564610 0.565614 0.559779,0.567290 0.567290 0.567290 0.579163 0.577142 0.570506 0.572412 0.572786 0.571528 0.564610 0.565614 0.559779,0.567290 0.567290 0.567290 0.579163 0.579016 0.563978 0.572412 0.572786 0.571528 0.564610 0.565614 0.559779,0 0 0 0 1 1 0 0 0 0 0 0,1,True,False
1,O2:16,2,impossible,0.5814435482025146,0.5791628360748291,0.5814435482025146,0.5814435482025146,0.5741169154644012,0.5791628360748291,0.002788789104670286,O2,O2,intphys-dev,12,2,768.0,0.567290 0.567290 0.567290 0.579163 0.581444 0.566790 0.571450 0.572786 0.571528 0.564610 0.565614 0.559779,0.567290 0.567290 0.567290 0.579163 0.578855 0.572329 0.571450 0.572786 0.571528 0.564610 0.565614 0.559779,0.567290 0.567290 0.567290 0.579163 0.581444 0.566790 0.571450 0.572786 0.571528 0.564610 0.565614 0.559779,0 0 0 0 1 1 0 0 0 0 0 0,2,True,False
3,O2:16,3,possible,0.580832839012146,0.5803446769714355,0.580832839012146,0.580832839012146,0.5751207172870636,0.5803446769714355,0.002841242589056492,O2,O2,intphys-dev,12,2,768.0,0.563820 0.563820 0.563820 0.579543 0.580833 0.569409 0.572493 0.572551 0.570626 0.561165 0.563098 0.557337,0.563820 0.563820 0.563820 0.579543 0.580345 0.576988 0.572493 0.572551 0.570626 0.561165 0.563098 0.557337,0.563820 0.563820 0.563820 0.579543 0.580833 0.569409 0.572493 0.572551 0.570626 0.561165 0.563098 0.557337,0 0 0 0 1 1 0 0 0 0 0 0,4,True,False
4,O2:16,3,impossible,0.579082190990448,0.5795429944992065,0.579082190990448,0.579082190990448,0.5727359652519226,0.5795429944992065,0.0028307605534791946,O2,O2,intphys-dev,12,2,768.0,0.563820 0.563820 0.563820 0.579543 0.579082 0.566390 0.571499 0.572551 0.570626 0.561165 0.563098 0.557337,0.563820 0.563820 0.563820 0.579543 0.577282 0.572122 0.571499 0.572551 0.570626 0.561165 0.563098 0.557337,0.563820 0.563820 0.563820 0.579543 0.579082 0.566390 0.571499 0.572551 0.570626 0.561165 0.563098 0.557337,0 0 0 0 1 1 0 0 0 0 0 0,3,True,False
1,O2:17,1,possible,0.5880310535430908,0.6053800582885742,0.5880310535430908,0.5880310535430908,0.5751979053020477,0.6053800582885742,0.011611280031502247,O2,O2,intphys-dev,12,2,512.0,0.605380 0.590294 0.580659 0.577285 0.588031 0.562365 0.561296 0.587597 0.571826 0.571517 0.579586 0.588194,0.605380 0.590294 0.580659 0.577285 0.573376 0.567652 0.561296 0.587597 0.571826 0.571517 0.579586 0.588194,0.605380 0.590294 0.580659 0.577285 0.588031 0.562365 0.561296 0.587597 0.571826 0.571517 0.579586 0.588194,0 0 0 0 1 1 0 0 0 0 0 0,2,True,False
2,O2:17,1,impossible,0.5889153480529785,0.6053800582885742,0.5889153480529785,0.5889153480529785,0.57554030418396,0.6053800582885742,0.011637389659881592,O2,O2,intphys-dev,12,2,512.0,0.605380 0.590294 0.580659 0.577285 0.588915 0.562165 0.561163 0.587597 0.571826 0.571517 0.579586 0.588194,0.605380 0.590294 0.580659 0.577285 0.572936 0.567641 0.561163 0.587597 0.571826 0.571517 0.579586 0.588194,0.605380 0.590294 0.580659 0.577285 0.588915 0.562165 0.561163 0.587597 0.571826 0.571517 0.579586 0.588194,0 0 0 0 1 1 0 0 0 0 0 0,1,True,False
4,O2:17,4,possible,0.5866976976394653,0.6056582927703857,0.5866976976394653,0.5866976976394653,0.5747916400432587,0.6056582927703857,0.011862204410135746,O2,O2,intphys-dev,12,2,512.0,0.605658 0.590949 0.583356 0.580554 0.586698 0.562886 0.564374 0.590514 0.571928 0.572607 0.581272 0.589626,0.605658 0.590949 0.583356 0.580554 0.573213 0.569390 0.564374 0.590514 0.571928 0.572607 0.581272 0.589626,0.605658 0.590949 0.583356 0.580554 0.586698 0.562886 0.564374 0.590514 0.571928 0.572607 0.581272 0.589626,0 0 0 0 1 1 0 0 0 0 0 0,3,True,False
3,O2:17,4,impossible,0.5875632166862488,0.6056582927703857,0.5875632166862488,0.5875632166862488,0.5752687156200409,0.6056582927703857,0.011836172081530094,O2,O2,intphys-dev,12,2,512.0,0.605658 0.590949 0.583356 0.580554 0.587563 0.562974 0.564414 0.590514 0.571928 0.572607 0.581272 0.589626,0.605658 0.590949 0.583356 0.580554 0.573637 0.568659 0.564414 0.590514 0.571928 0.572607 0.581272 0.589626,0.605658 0.590949 0.583356 0.580554 0.587563 0.562974 0.564414 0.590514 0.571928 0.572607 0.581272 0.589626,0 0 0 0 1 1 0 0 0 0 0 0,4,True,False
1,O2:18,1,possible,0.5897132158279419,0.5806388258934021,0.5897132158279419,0.5897132158279419,0.5722507834434509,0.5806388258934021,0.0017702642362564802,O2,O2,intphys-dev,12,3,682.6666666666666,0.562471 0.562474 0.562398 0.561573 0.589713 0.567373 0.559666 0.557304 0.558565 0.560186 0.562198 0.562006,0.562471 0.562474 0.562398 0.561573 0.580639 0.567373 0.564146 0.557304 0.558565 0.560186 0.562198 0.562006,0.562471 0.562474 0.562398 0.561573 0.589713 0.567373 0.559666 0.557304 0.558565 0.560186 0.562198 0.562006,0 0 0 0 1 1 1 0 0 0 0 0,4,True,False
4,O2:18,1,impossible,0.6000702381134033,0.5857264995574951,0.6000702381134033,0.6000702381134033,0.5812748670578003,0.5857264995574951,0.0018269059946760535,O2,O2,intphys-dev,12,3,682.6666666666666,0.562471 0.562474 0.562398 0.561573 0.600070 0.578051 0.565704 0.558308 0.558565 0.560186 0.562198 0.562006,0.562471 0.562474 0.562398 0.561573 0.585726 0.578051 0.568917 0.558308 0.558565 0.560186 0.562198 0.562006,0.562471 0.562474 0.562398 0.561573 0.600070 0.578051 0.565704 0.558308 0.558565 0.560186 0.562198 0.562006,0 0 0 0 1 1 1 0 0 0 0 0,1,True,False
2,O2:18,2,possible,0.6059707999229431,0.5913535356521606,0.6059707999229431,0.6059707999229431,0.5817357103029887,0.5913535356521606,0.0019631891045719385,O2,O2,intphys-dev,12,3,682.6666666666666,0.562181 0.562181 0.562181 0.562401 0.605971 0.577885 0.561352 0.561868 0.558331 0.559877 0.561305 0.561654,0.562181 0.562181 0.562181 0.562401 0.591354 0.577885 0.570433 0.561868 0.558331 0.559877 0.561305 0.561654,0.562181 0.562181 0.562181 0.562401 0.605971 0.577885 0.561352 0.561868 0.558331 0.559877 0.561305 0.561654,0 0 0 0 1 1 1 0 0 0 0 0,3,True,False
3,O2:18,2,impossible,0.5906809568405151,0.5821852684020996,0.5906809568405151,0.5906809568405151,0.575283408164978,0.5821852684020996,0.0019191061146557331,O2,O2,intphys-dev,12,3,682.6666666666666,0.562181 0.562181 0.562181 0.562401 0.590681 0.568261 0.566908 0.559722 0.558331 0.559877 0.561305 0.561654,0.562181 0.562181 0.562181 0.562401 0.582185 0.568262 0.571973 0.559722 0.558331 0.559877 0.561305 0.561654,0.562181 0.562181 0.562181 0.562401 0.590681 0.568261 0.566908 0.559722 0.558331 0.559877 0.561305 0.561654,0 0 0 0 1 1 1 0 0 0 0 0,2,True,False
1,O2:19,1,possible,0.613040566444397,0.613040566444397,0.613040566444397,0.613040566444397,0.5878687302271525,0.613040566444397,0.013849548995494843,O2,O2,intphys-dev,12,6,981.3333333333334,0.613041 0.593980 0.580343 0.578724 0.585746 0.575379 0.574037 0.595830 0.578977 0.577825 0.582616 0.594350,0.613041 0.593980 0.580343 0.578724 0.585746 0.577715 0.574037 0.595830 0.578977 0.577825 0.582616 0.594350,0.613041 0.593980 0.580343 0.578724 0.585746 0.575379 0.574037 0.595830 0.578977 0.577825 0.582616 0.594350,1 1 1 1 1 1 0 0 0 0 0 0,4,True,False
4,O2:19,1,impossible,0.6116265654563904,0.6116266250610352,0.6116265654563904,0.6116265654563904,0.5870092511177063,0.6116266250610352,0.013867106288671494,O2,O2,intphys-dev,12,6,981.3333333333334,0.611627 0.592639 0.580795 0.578920 0.584929 0.573146 0.575907 0.595830 0.578977 0.577825 0.582616 0.594350,0.611627 0.592639 0.580795 0.578921 0.584929 0.576113 0.575907 0.595830 0.578977 0.577825 0.582616 0.594350,0.611627 0.592639 0.580795 0.578920 0.584929 0.573146 0.575907 0.595830 0.578977 0.577825 0.582616 0.594350,1 1 1 1 1 1 0 0 0 0 0 0,1,True,False
3,O2:19,3,possible,0.6116265654563904,0.6116266250610352,0.6116265654563904,0.6116265654563904,0.5872330963611603,0.6116266250610352,0.013806549832224846,O2,O2,intphys-dev,12,6,981.3333333333334,0.611627 0.592639 0.580795 0.578920 0.584929 0.574489 0.573600 0.591686 0.578451 0.578401 0.581607 0.590358,0.611627 0.592639 0.580795 0.578921 0.584929 0.576643 0.573600 0.591686 0.578451 0.578401 0.581607 0.590358,0.611627 0.592639 0.580795 0.578920 0.584929 0.574489 0.573600 0.591686 0.578451 0.578401 0.581607 0.590358,1 1 1 1 1 1 0 0 0 0 0 0,2,True,False
2,O2:19,3,impossible,0.613040566444397,0.613040566444397,0.613040566444397,0.613040566444397,0.5878928502400717,0.613040566444397,0.013789062388241291,O2,O2,intphys-dev,12,6,981.3333333333334,0.613041 0.593980 0.580343 0.578724 0.585746 0.575524 0.571789 0.591686 0.578451 0.578401 0.581607 0.590358,0.613041 0.593980 0.580343 0.578724 0.585746 0.577331 0.571789 0.591686 0.578451 0.578401 0.581607 0.590358,0.613041 0.593980 0.580343 0.578724 0.585746 0.575524 0.571789 0.591686 0.578451 0.578401 0.581607 0.590358,1 1 1 1 1 1 0 0 0 0 0 0,3,True,False
2,O2:20,2,possible,0.5632734298706055,0.5752448439598083,0.5632734298706055,0.5632734298706055,0.5631321966648102,0.5752448439598083,0.0018647939432412386,O2,O2,intphys-dev,12,2,896.0,0.562161 0.562161 0.562161 0.561431 0.575245 0.562991 0.563273 0.560328 0.556182 0.558355 0.557447 0.561723,0.562161 0.562161 0.562161 0.561431 0.575245 0.561314 0.563273 0.560328 0.556182 0.558355 0.557447 0.561723,0.562161 0.562161 0.562161 0.561431 0.575245 0.562991 0.563273 0.560328 0.556182 0.558355 0.557447 0.561723,0 0 0 0 0 1 1 0 0 0 0 0,4,True,False
4,O2:20,2,impossible,0.5606257319450378,0.5752448439598083,0.5606257319450378,0.5606257319450378,0.5582909882068634,0.5752448439598083,0.001753603690303862,O2,O2,intphys-dev,12,2,896.0,0.562161 0.562161 0.562161 0.561431 0.575245 0.560626 0.555956 0.558820 0.556182 0.558355 0.557447 0.561723,0.562161 0.562161 0.562161 0.561431 0.575245 0.559250 0.555956 0.558820 0.556182 0.558355 0.557447 0.561723,0.562161 0.562161 0.562161 0.561431 0.575245 0.560626 0.555956 0.558820 0.556182 0.558355 0.557447 0.561723,0 0 0 0 0 1 1 0 0 0 0 0,2,True,False
3,O2:20,3,possible,0.5626423358917236,0.5731209516525269,0.5626423358917236,0.5626423358917236,0.5595016181468964,0.5731209516525269,0.0015944096958264709,O2,O2,intphys-dev,12,2,896.0,0.562235 0.562235 0.562235 0.561080 0.573121 0.562642 0.556361 0.557241 0.551499 0.553427 0.561786 0.562638,0.562235 0.562235 0.562235 0.561080 0.573121 0.559895 0.556361 0.557241 0.551499 0.553427 0.561786 0.562638,0.562235 0.562235 0.562235 0.561080 0.573121 0.562642 0.556361 0.557241 0.551499 0.553427 0.561786 0.562638,0 0 0 0 0 1 1 0 0 0 0 0,1,True,False
1,O2:20,3,impossible,0.5632731914520264,0.5731209516525269,0.5632731914520264,0.5632731914520264,0.5608964562416077,0.5731209516525269,0.0017141428543254733,O2,O2,intphys-dev,12,2,896.0,0.562235 0.562235 0.562235 0.561080 0.573121 0.563273 0.558520 0.557495 0.551499 0.553427 0.561786 0.562638,0.562235 0.562235 0.562235 0.561080 0.573121 0.560080 0.558520 0.557495 0.551499 0.553427 0.561786 0.562638,0.562235 0.562235 0.562235 0.561080 0.573121 0.563273 0.558520 0.557495 0.551499 0.553427 0.561786 0.562638,0 0 0 0 0 1 1 0 0 0 0 0,3,True,False
3,O2:21,3,possible,0.6180227398872375,0.6180227994918823,0.6180227398872375,0.6180227398872375,0.5905042688051859,0.6180227994918823,0.017176207154989243,O2,O2,intphys-dev,12,6,896.0,0.618023 0.596698 0.577937 0.580499 0.586340 0.583528 0.578073 0.599823 0.582805 0.577766 0.582935 0.595341,0.618023 0.596698 0.577937 0.580499 0.586340 0.585381 0.578073 0.599823 0.582805 0.577766 0.582935 0.595341,0.618023 0.596698 0.577937 0.580499 0.586340 0.583528 0.578073 0.599823 0.582805 0.577766 0.582935 0.595341,1 1 1 1 1 1 0 0 0 0 0 0,1,True,False
1,O2:21,3,impossible,0.617517352104187,0.6175174117088318,0.617517352104187,0.617517352104187,0.5909648835659027,0.6175174117088318,0.017390627413988113,O2,O2,intphys-dev,12,6,896.0,0.617517 0.596971 0.579987 0.582169 0.583660 0.585486 0.577988 0.599823 0.582805 0.577766 0.582935 0.595341,0.617517 0.596971 0.579987 0.582169 0.583660 0.587751 0.577988 0.599823 0.582805 0.577766 0.582935 0.595341,0.617517 0.596971 0.579987 0.582169 0.583660 0.585486 0.577988 0.599823 0.582805 0.577766 0.582935 0.595341,1 1 1 1 1 1 0 0 0 0 0 0,3,True,False
4,O2:21,4,possible,0.617517352104187,0.6175174117088318,0.617517352104187,0.617517352104187,0.590647558371226,0.6175174117088318,0.01761646941304207,O2,O2,intphys-dev,12,6,896.0,0.617517 0.596971 0.579987 0.582169 0.583660 0.583582 0.576315 0.598726 0.583321 0.578293 0.584340 0.596228,0.617517 0.596971 0.579987 0.582169 0.583660 0.588097 0.576315 0.598726 0.583321 0.578293 0.584340 0.596228,0.617517 0.596971 0.579987 0.582169 0.583660 0.583582 0.576315 0.598726 0.583321 0.578293 0.584340 0.596228,1 1 1 1 1 1 0 0 0 0 0 0,2,True,False
2,O2:21,4,impossible,0.6180227398872375,0.6180227994918823,0.6180227398872375,0.6180227398872375,0.590199331442515,0.6180227994918823,0.01740209572017193,O2,O2,intphys-dev,12,6,896.0,0.618023 0.596698 0.577937 0.580499 0.586340 0.581699 0.576738 0.598726 0.583321 0.578293 0.584340 0.596228,0.618023 0.596698 0.577937 0.580499 0.586340 0.585434 0.576738 0.598726 0.583321 0.578293 0.584340 0.596228,0.618023 0.596698 0.577937 0.580499 0.586340 0.581699 0.576738 0.598726 0.583321 0.578293 0.584340 0.596228,1 1 1 1 1 1 0 0 0 0 0 0,4,True,False
1,O2:22,1,possible,0.5771157741546631,0.5771157741546631,0.5771157741546631,0.5771157741546631,0.5689309239387512,0.5771157741546631,0.002245752140879631,O2,O2,intphys-dev,12,5,972.8,0.566982 0.566982 0.566982 0.577116 0.566594 0.569295 0.566379 0.557778 0.565991 0.566982 0.566982 0.566982,0.566982 0.566982 0.566982 0.577116 0.573562 0.569295 0.566379 0.557778 0.565991 0.566982 0.566982 0.566982,0.566982 0.566982 0.566982 0.577116 0.566594 0.569295 0.566379 0.557778 0.565991 0.566982 0.566982 0.566982,1 1 1 1 1 0 0 0 0 0 0 0,3,True,False
3,O2:22,1,impossible,0.5738584399223328,0.573858380317688,0.5738584399223328,0.5738584399223328,0.5670316934585571,0.573858380317688,0.0021636434830725193,O2,O2,intphys-dev,12,5,972.8,0.566482 0.566482 0.566482 0.573858 0.561853 0.566692 0.566379 0.557778 0.565991 0.566982 0.566982 0.566982,0.566482 0.566482 0.566482 0.573858 0.567984 0.566692 0.566379 0.557778 0.565991 0.566982 0.566982 0.566982,0.566482 0.566482 0.566482 0.573858 0.561853 0.566692 0.566379 0.557778 0.565991 0.566982 0.566982 0.566982,1 1 1 1 1 0 0 0 0 0 0 0,1,True,False
2,O2:22,2,possible,0.5738584399223328,0.573858380317688,0.5738584399223328,0.5738584399223328,0.5675122261047363,0.573858380317688,0.0020424730610102415,O2,O2,intphys-dev,12,5,972.8,0.566482 0.566482 0.566482 0.573858 0.564255 0.567424 0.560914 0.556937 0.564641 0.566482 0.566482 0.566482,0.566482 0.566482 0.566482 0.573858 0.570387 0.567424 0.560914 0.556937 0.564641 0.566482 0.566482 0.566482,0.566482 0.566482 0.566482 0.573858 0.564255 0.567424 0.560914 0.556937 0.564641 0.566482 0.566482 0.566482,1 1 1 1 1 0 0 0 0 0 0 0,4,True,False
4,O2:22,2,impossible,0.5771157741546631,0.5771157741546631,0.5771157741546631,0.5771157741546631,0.569359278678894,0.5771157741546631,0.0021335806231945753,O2,O2,intphys-dev,12,5,972.8,0.566982 0.566982 0.566982 0.577116 0.568736 0.562973 0.560914 0.556937 0.564641 0.566482 0.566482 0.566482,0.566982 0.566982 0.566982 0.577116 0.572977 0.562973 0.560914 0.556937 0.564641 0.566482 0.566482 0.566482,0.566982 0.566982 0.566982 0.577116 0.568736 0.562973 0.560914 0.556937 0.564641 0.566482 0.566482 0.566482,1 1 1 1 1 0 0 0 0 0 0 0,2,True,False
2,O2:23,2,possible,0.5756592750549316,0.5768778324127197,0.5756592750549316,0.5756592750549316,0.5613250374794007,0.5768778324127197,0.0027402183040976524,O2,O2,intphys-dev,12,5,921.6,0.558854 0.558854 0.558854 0.576878 0.573657 0.573645 0.570526 0.575659 0.557675 0.555582 0.558854 0.558854,0.558854 0.558854 0.558854 0.576878 0.573657 0.573645 0.570526 0.566734 0.557675 0.555582 0.558854 0.558854,0.558854 0.558854 0.558854 0.576878 0.573657 0.573645 0.570526 0.575659 0.557675 0.555582 0.558854 0.558854,0 0 0 0 0 0 0 1 1 1 1 1,1,True,False
1,O2:23,2,impossible,0.5765236616134644,0.5768778324127197,0.5765236616134644,0.5765236616134644,0.5643396019935608,0.5768778324127197,0.0027343404944986105,O2,O2,intphys-dev,12,5,921.6,0.558854 0.558854 0.558854 0.576878 0.573657 0.573645 0.570526 0.576524 0.557861 0.560528 0.563393 0.563393,0.558854 0.558854 0.558854 0.576878 0.573657 0.573645 0.570526 0.568916 0.557861 0.560528 0.563393 0.563393,0.558854 0.558854 0.558854 0.576878 0.573657 0.573645 0.570526 0.576524 0.557861 0.560528 0.563393 0.563393,0 0 0 0 0 0 0 1 1 1 1 1,2,True,False
4,O2:23,4,possible,0.5786315202713013,0.5810351371765137,0.5786315202713013,0.5786315202713013,0.5659457087516785,0.5810351371765137,0.002747110091149807,O2,O2,intphys-dev,12,5,921.6,0.563393 0.563393 0.563393 0.576681 0.581035 0.576909 0.573534 0.578632 0.563784 0.560528 0.563393 0.563393,0.563393 0.563393 0.563393 0.576681 0.581035 0.576909 0.573534 0.568766 0.563784 0.560528 0.563393 0.563393,0.563393 0.563393 0.563393 0.576681 0.581035 0.576909 0.573534 0.578632 0.563784 0.560528 0.563393 0.563393,0 0 0 0 0 0 0 1 1 1 1 1,3,True,False
3,O2:23,4,impossible,0.5779868364334106,0.5810351371765137,0.5779868364334106,0.5779868364334106,0.5616694092750549,0.5810351371765137,0.002753932261839509,O2,O2,intphys-dev,12,5,921.6,0.563393 0.563393 0.563393 0.576681 0.581035 0.576909 0.573534 0.577987 0.557070 0.555582 0.558854 0.558854,0.563393 0.563393 0.563393 0.576681 0.581035 0.576909 0.573534 0.567280 0.557070 0.555582 0.558854 0.558854,0.563393 0.563393 0.563393 0.576681 0.581035 0.576909 0.573534 0.577987 0.557070 0.555582 0.558854 0.558854,0 0 0 0 0 0 0 1 1 1 1 1,4,True,False
2,O2:24,2,possible,0.5662013292312622,0.5634234547615051,0.5662013292312622,0.5662013292312622,0.5642151534557343,0.5634234547615051,0.0011437752982601523,O2,O2,intphys-dev,12,2,768.0,0.562229 0.562229 0.562229 0.563423 0.563423 0.563423 0.563423 0.563423 0.563423 0.562229 0.566201 0.562229,0.562229 0.562229 0.562229 0.563423 0.563423 0.563423 0.563423 0.563423 0.563423 0.562229 0.562229 0.562229,0.562229 0.562229 0.562229 0.563423 0.563423 0.563423 0.563423 0.563423 0.563423 0.562229 0.566201 0.562229,0 0 0 0 0 0 0 0 0 0 1 1,4,True,False
4,O2:24,2,impossible,0.5676466226577759,0.5634234547615051,0.5676466226577759,0.5676466226577759,0.5639938116073608,0.5634234547615051,0.0011777345789596438,O2,O2,intphys-dev,12,2,768.0,0.562229 0.562229 0.562229 0.563423 0.563423 0.563423 0.563423 0.563423 0.563423 0.562229 0.567647 0.560341,0.562229 0.562229 0.562229 0.563423 0.563423 0.563423 0.563423 0.563423 0.563423 0.562229 0.562603 0.560341,0.562229 0.562229 0.562229 0.563423 0.563423 0.563423 0.563423 0.563423 0.563423 0.562229 0.567647 0.560341,0 0 0 0 0 0 0 0 0 0 1 1,2,True,False
3,O2:24,3,possible,0.5663914680480957,0.5621334314346313,0.5663914680480957,0.5663914680480957,0.5642624497413635,0.5621334314346313,0.0011511796619743109,O2,O2,intphys-dev,12,2,768.0,0.562133 0.562133 0.562133 0.560686 0.560686 0.560686 0.560686 0.560686 0.560686 0.562133 0.566391 0.562133,0.562133 0.562133 0.562133 0.560686 0.560686 0.560686 0.560686 0.560686 0.560686 0.562133 0.562133 0.562133,0.562133 0.562133 0.562133 0.560686 0.560686 0.560686 0.560686 0.560686 0.560686 0.562133 0.566391 0.562133,0 0 0 0 0 0 0 0 0 0 1 1,1,True,False
1,O2:24,3,impossible,0.5703732967376709,0.564616322517395,0.5703732967376709,0.5703732967376709,0.564816802740097,0.564616322517395,0.001183549058623612,O2,O2,intphys-dev,12,2,768.0,0.562133 0.562133 0.562133 0.560686 0.560686 0.560686 0.560686 0.560686 0.560686 0.562133 0.570373 0.559260,0.562133 0.562133 0.562133 0.560686 0.560686 0.560686 0.560686 0.560686 0.560686 0.562133 0.564616 0.559260,0.562133 0.562133 0.562133 0.560686 0.560686 0.560686 0.560686 0.560686 0.560686 0.562133 0.570373 0.559260,0 0 0 0 0 0 0 0 0 0 1 1,3,True,False
1,O2:25,1,possible,0.5794477462768555,0.5810163021087646,0.5794477462768555,0.5794477462768555,0.5634829998016357,0.5810163021087646,0.0033166147768497467,O2,O2,intphys-dev,12,2,512.0,0.558480 0.558480 0.558480 0.577072 0.581016 0.571353 0.579448 0.547518 0.558303 0.554602 0.554754 0.558660,0.558480 0.558480 0.558480 0.577072 0.581016 0.571353 0.566511 0.559410 0.558303 0.554602 0.554754 0.558660,0.558480 0.558480 0.558480 0.577072 0.581016 0.571353 0.579448 0.547518 0.558303 0.554602 0.554754 0.558660,0 0 0 0 0 0 1 1 0 0 0 0,2,True,False
2,O2:25,1,impossible,0.5753469467163086,0.5810163021087646,0.5753469467163086,0.5753469467163086,0.5629635155200958,0.5810163021087646,0.003304350422695279,O2,O2,intphys-dev,12,2,512.0,0.558480 0.558480 0.558480 0.577072 0.581016 0.571353 0.575347 0.550580 0.558772 0.554602 0.554754 0.558660,0.558480 0.558480 0.558480 0.577072 0.581016 0.571353 0.563964 0.561001 0.558772 0.554602 0.554754 0.558660,0.558480 0.558480 0.558480 0.577072 0.581016 0.571353 0.575347 0.550580 0.558772 0.554602 0.554754 0.558660,0 0 0 0 0 0 1 1 0 0 0 0,1,True,False
3,O2:25,3,possible,0.5744718313217163,0.576361358165741,0.5744718313217163,0.5744718313217163,0.5636049509048462,0.576361358165741,0.003215485718101263,O2,O2,intphys-dev,12,2,512.0,0.560553 0.560553 0.560553 0.575397 0.576361 0.569930 0.574472 0.552738 0.554708 0.553790 0.560553 0.560553,0.560553 0.560553 0.560553 0.575397 0.576361 0.569930 0.563098 0.559665 0.554708 0.553790 0.560553 0.560553,0.560553 0.560553 0.560553 0.575397 0.576361 0.569930 0.574472 0.552738 0.554708 0.553790 0.560553 0.560553,0 0 0 0 0 0 1 1 0 0 0 0,4,True,False
4,O2:25,3,impossible,0.5788825154304504,0.576361358165741,0.5788825154304504,0.5788825154304504,0.5641688406467438,0.576361358165741,0.0032358262687921524,O2,O2,intphys-dev,12,2,512.0,0.560553 0.560553 0.560553 0.575397 0.576361 0.569930 0.578883 0.549455 0.552501 0.553790 0.560553 0.560553,0.560553 0.560553 0.560553 0.575397 0.576361 0.569930 0.565809 0.556871 0.552501 0.553790 0.560553 0.560553,0.560553 0.560553 0.560553 0.575397 0.576361 0.569930 0.578883 0.549455 0.552501 0.553790 0.560553 0.560553,0 0 0 0 0 0 1 1 0 0 0 0,3,True,False
3,O2:26,3,possible,0.5650513768196106,0.574847400188446,0.5650513768196106,0.5650513768196106,0.5586153566837311,0.574847400188446,0.003975435625761747,O2,O2,intphys-dev,12,2,512.0,0.562235 0.562235 0.562235 0.574847 0.572625 0.566284 0.565121 0.565051 0.552179 0.559315 0.560063 0.559186,0.562235 0.562235 0.562235 0.574847 0.572625 0.566284 0.565121 0.562425 0.559313 0.559315 0.560063 0.559186,0.562235 0.562235 0.562235 0.574847 0.572625 0.566284 0.565121 0.565051 0.552179 0.559315 0.560063 0.559186,0 0 0 0 0 0 0 1 1 0 0 0,2,True,False
2,O2:26,3,impossible,0.5625112056732178,0.574847400188446,0.5625112056732178,0.5625112056732178,0.559316873550415,0.574847400188446,0.003987687639892101,O2,O2,intphys-dev,12,2,512.0,0.562235 0.562235 0.562235 0.574847 0.572625 0.566284 0.565121 0.562511 0.556123 0.558157 0.560063 0.559186,0.562235 0.562235 0.562235 0.574847 0.572625 0.566284 0.565121 0.560471 0.559569 0.558157 0.560063 0.559186,0.562235 0.562235 0.562235 0.574847 0.572625 0.566284 0.565121 0.562511 0.556123 0.558157 0.560063 0.559186,0 0 0 0 0 0 0 1 1 0 0 0,3,True,False
4,O2:26,4,possible,0.5629737973213196,0.5737158060073853,0.5629737973213196,0.5629737973213196,0.5592975318431854,0.5737158060073853,0.0038826381787657738,O2,O2,intphys-dev,12,2,512.0,0.562161 0.562161 0.562161 0.573716 0.571484 0.568887 0.565180 0.562974 0.555621 0.555298 0.553655 0.562161,0.562161 0.562161 0.562161 0.573716 0.571484 0.568887 0.565180 0.560588 0.559401 0.555298 0.553655 0.562161,0.562161 0.562161 0.562161 0.573716 0.571484 0.568887 0.565180 0.562974 0.555621 0.555298 0.553655 0.562161,0 0 0 0 0 0 0 1 1 0 0 0,1,True,False
1,O2:26,4,impossible,0.562088668346405,0.5737158060073853,0.562088668346405,0.562088668346405,0.5588718950748444,0.5737158060073853,0.0038737524300813675,O2,O2,intphys-dev,12,2,512.0,0.562161 0.562161 0.562161 0.573716 0.571484 0.568887 0.565180 0.562089 0.555655 0.555677 0.553655 0.562161,0.562161 0.562161 0.562161 0.573716 0.571484 0.568887 0.565180 0.559906 0.558994 0.555677 0.553655 0.562161,0.562161 0.562161 0.562161 0.573716 0.571484 0.568887 0.565180 0.562089 0.555655 0.555677 0.553655 0.562161,0 0 0 0 0 0 0 1 1 0 0 0,4,True,False
1,O2:27,1,possible,0.579149603843689,0.5815331935882568,0.579149603843689,0.579149603843689,0.5754440327485403,0.5815331935882568,0.0026954489294439554,O2,O2,intphys-dev,12,6,1024.0,0.581533 0.578467 0.579053 0.575435 0.576960 0.569774 0.565670 0.579150 0.577511 0.577901 0.578630 0.573802,0.581533 0.578467 0.579053 0.575435 0.576960 0.569774 0.565670 0.579150 0.577511 0.577901 0.578630 0.573802,0.581533 0.578467 0.579053 0.575435 0.576960 0.569774 0.565670 0.579150 0.577511 0.577901 0.578630 0.573802,0 0 0 0 0 0 1 1 1 1 1 1,4,True,False
4,O2:27,1,impossible,0.5809630155563354,0.5815331935882568,0.5809630155563354,0.5809630155563354,0.5771371821562449,0.5815331935882568,0.0027079181745648384,O2,O2,intphys-dev,12,6,1024.0,0.581533 0.578467 0.579053 0.575435 0.576960 0.569774 0.566250 0.580963 0.577579 0.579568 0.577871 0.580593,0.581533 0.578467 0.579053 0.575435 0.576960 0.569774 0.566250 0.580963 0.577579 0.579568 0.577871 0.580593,0.581533 0.578467 0.579053 0.575435 0.576960 0.569774 0.566250 0.580963 0.577579 0.579568 0.577871 0.580593,0 0 0 0 0 0 1 1 1 1 1 1,1,True,False
3,O2:27,3,possible,0.5819588899612427,0.5844108462333679,0.5819588899612427,0.5819588899612427,0.577460398276647,0.5844108462333679,0.002721205120906234,O2,O2,intphys-dev,12,6,1024.0,0.584411 0.582469 0.579155 0.577723 0.579614 0.570168 0.567193 0.581959 0.577579 0.579568 0.577871 0.580593,0.584411 0.582469 0.579155 0.577723 0.579614 0.570168 0.567193 0.581959 0.577579 0.579568 0.577871 0.580593,0.584411 0.582469 0.579155 0.577723 0.579614 0.570168 0.567193 0.581959 0.577579 0.579568 0.577871 0.580593,0 0 0 0 0 0 1 1 1 1 1 1,2,True,False
2,O2:27,3,impossible,0.5800021290779114,0.5844108462333679,0.5800021290779114,0.5800021290779114,0.5760450661182404,0.5844108462333679,0.0027087100315839052,O2,O2,intphys-dev,12,6,1024.0,0.584411 0.582469 0.579155 0.577723 0.579614 0.570168 0.568424 0.580002 0.577511 0.577901 0.578630 0.573802,0.584411 0.582469 0.579155 0.577723 0.579614 0.570168 0.568424 0.580002 0.577511 0.577901 0.578630 0.573802,0.584411 0.582469 0.579155 0.577723 0.579614 0.570168 0.568424 0.580002 0.577511 0.577901 0.578630 0.573802,0 0 0 0 0 0 1 1 1 1 1 1,3,True,False
1,O2:28,1,possible,0.6122392416000366,0.6122393012046814,0.6122392416000366,0.6122392416000366,0.586238165696462,0.6122393012046814,0.014626886695623398,O2,O2,intphys-dev,12,6,1024.0,0.612239 0.593112 0.575085 0.573343 0.587026 0.576623 0.570878 0.596142 0.576494 0.575753 0.583501 0.590072,0.612239 0.593112 0.575085 0.573343 0.587026 0.576623 0.570878 0.596142 0.576494 0.575753 0.583501 0.590072,0.612239 0.593112 0.575085 0.573343 0.587026 0.576623 0.570878 0.596142 0.576494 0.575753 0.583501 0.590072,1 1 1 1 1 1 0 0 0 0 0 0,4,True,False
4,O2:28,1,impossible,0.6123783588409424,0.6123783588409424,0.6123783588409424,0.6123783588409424,0.5862544278303782,0.6123783588409424,0.01477602869272232,O2,O2,intphys-dev,12,6,1024.0,0.612378 0.593950 0.576296 0.575497 0.584513 0.574892 0.573187 0.596142 0.576494 0.575753 0.583501 0.590072,0.612378 0.593950 0.576296 0.575497 0.584513 0.574892 0.573187 0.596142 0.576494 0.575753 0.583501 0.590072,0.612378 0.593950 0.576296 0.575497 0.584513 0.574892 0.573187 0.596142 0.576494 0.575753 0.583501 0.590072,1 1 1 1 1 1 0 0 0 0 0 0,1,True,False
3,O2:28,3,possible,0.6123783588409424,0.6123783588409424,0.6123783588409424,0.6123783588409424,0.5864636600017548,0.6123783588409424,0.015016538091003895,O2,O2,intphys-dev,12,6,1024.0,0.612378 0.593950 0.576296 0.575497 0.584513 0.576148 0.569931 0.594665 0.576568 0.575770 0.581247 0.591989,0.612378 0.593950 0.576296 0.575497 0.584513 0.576148 0.569931 0.594665 0.576568 0.575770 0.581247 0.591989,0.612378 0.593950 0.576296 0.575497 0.584513 0.576148 0.569931 0.594665 0.576568 0.575770 0.581247 0.591989,1 1 1 1 1 1 0 0 0 0 0 0,2,True,False
2,O2:28,3,impossible,0.6122392416000366,0.6122393012046814,0.6122392416000366,0.6122392416000366,0.586214005947113,0.6122393012046814,0.014867385849356651,O2,O2,intphys-dev,12,6,1024.0,0.612239 0.593112 0.575085 0.573343 0.587026 0.576478 0.568254 0.594665 0.576568 0.575770 0.581247 0.591989,0.612239 0.593112 0.575085 0.573343 0.587026 0.576478 0.568254 0.594665 0.576568 0.575770 0.581247 0.591989,0.612239 0.593112 0.575085 0.573343 0.587026 0.576478 0.568254 0.594665 0.576568 0.575770 0.581247 0.591989,1 1 1 1 1 1 0 0 0 0 0 0,3,True,False
3,O2:29,3,possible,0.577337920665741,0.5773378610610962,0.577337920665741,0.577337920665741,0.5625204940636953,0.5773378610610962,0.0018215632298961282,O2,O2,intphys-dev,12,6,896.0,0.559408 0.559408 0.559408 0.559295 0.577338 0.560267 0.570215 0.567660 0.558887 0.558377 0.554770 0.559916,0.559407 0.559407 0.559407 0.559295 0.577338 0.568104 0.570215 0.567660 0.558887 0.558377 0.554770 0.559916,0.559408 0.559408 0.559408 0.559295 0.577338 0.560267 0.570215 0.567660 0.558887 0.558377 0.554770 0.559916,1 1 1 1 1 1 0 0 0 0 0 0,2,True,False
2,O2:29,3,impossible,0.5857229232788086,0.5857229232788086,0.5857229232788086,0.5857229232788086,0.5636311868826548,0.5857229232788086,0.001793907256796956,O2,O2,intphys-dev,12,6,896.0,0.558769 0.558769 0.558769 0.559170 0.585723 0.560587 0.568850 0.567660 0.558887 0.558377 0.554770 0.559916,0.558769 0.558769 0.558769 0.559170 0.585723 0.569786 0.568850 0.567660 0.558887 0.558377 0.554770 0.559916,0.558769 0.558769 0.558769 0.559170 0.585723 0.560587 0.568850 0.567660 0.558887 0.558377 0.554770 0.559916,1 1 1 1 1 1 0 0 0 0 0 0,3,True,False
4,O2:29,4,possible,0.5857229232788086,0.5857229232788086,0.5857229232788086,0.5857229232788086,0.5639687875906626,0.5857229232788086,0.0016360266599804163,O2,O2,intphys-dev,12,6,896.0,0.558769 0.558769 0.558769 0.559170 0.585723 0.562613 0.572580 0.566670 0.552955 0.558669 0.558769 0.558769,0.558769 0.558769 0.558769 0.559170 0.585723 0.569922 0.572580 0.566670 0.552955 0.558669 0.558769 0.558769,0.558769 0.558769 0.558769 0.559170 0.585723 0.562613 0.572580 0.566670 0.552955 0.558669 0.558769 0.558769,1 1 1 1 1 1 0 0 0 0 0 0,1,True,False
1,O2:29,4,impossible,0.577337920665741,0.5773378610610962,0.577337920665741,0.577337920665741,0.5629297494888306,0.5773378610610962,0.0016665795119479299,O2,O2,intphys-dev,12,6,896.0,0.559408 0.559408 0.559408 0.559295 0.577338 0.562723 0.572151 0.566670 0.552955 0.558669 0.558769 0.558769,0.559407 0.559407 0.559407 0.559295 0.577338 0.566955 0.572151 0.566670 0.552955 0.558669 0.558769 0.558769,0.559408 0.559408 0.559408 0.559295 0.577338 0.562723 0.572151 0.566670 0.552955 0.558669 0.558769 0.558769,1 1 1 1 1 1 0 0 0 0 0 0,4,True,False
3,O2:30,3,possible,0.6213594675064087,0.6213595271110535,0.6213594675064087,0.6213594675064087,0.5837524433930715,0.6213595271110535,0.014644011855125427,O2,O2,intphys-dev,12,6,981.3333333333334,0.621359 0.589990 0.571938 0.570036 0.576921 0.572269 0.566094 0.591830 0.579748 0.573826 0.579246 0.594357,0.621360 0.589990 0.571938 0.570036 0.576921 0.574492 0.566094 0.591830 0.579748 0.573826 0.579246 0.594357,0.621359 0.589990 0.571938 0.570036 0.576921 0.572269 0.566094 0.591830 0.579748 0.573826 0.579246 0.594357,1 1 1 1 1 1 0 0 0 0 0 0,1,True,False
1,O2:30,3,impossible,0.6213105916976929,0.6213105320930481,0.6213105916976929,0.6213105916976929,0.5835594832897186,0.6213105320930481,0.01475839875638485,O2,O2,intphys-dev,12,6,981.3333333333334,0.621311 0.590051 0.571850 0.568750 0.578868 0.570527 0.565008 0.591830 0.579748 0.573826 0.579246 0.594357,0.621311 0.590051 0.571850 0.568750 0.578868 0.573311 0.565008 0.591830 0.579748 0.573826 0.579246 0.594357,0.621311 0.590051 0.571850 0.568750 0.578868 0.570527 0.565008 0.591830 0.579748 0.573826 0.579246 0.594357,1 1 1 1 1 1 0 0 0 0 0 0,3,True,False
4,O2:30,4,possible,0.6213105916976929,0.6213105320930481,0.6213105916976929,0.6213105916976929,0.5836936036745707,0.6213105320930481,0.014852028340101242,O2,O2,intphys-dev,12,6,981.3333333333334,0.621311 0.590051 0.571850 0.568750 0.578868 0.571332 0.569921 0.595243 0.580202 0.574465 0.580539 0.595283,0.621311 0.590051 0.571850 0.568750 0.578868 0.574516 0.569921 0.595243 0.580202 0.574465 0.580539 0.595283,0.621311 0.590051 0.571850 0.568750 0.578868 0.571332 0.569921 0.595243 0.580202 0.574465 0.580539 0.595283,1 1 1 1 1 1 0 0 0 0 0 0,2,True,False
2,O2:30,4,impossible,0.6213594675064087,0.6213595271110535,0.6213594675064087,0.6213594675064087,0.5835535724957784,0.6213595271110535,0.014737662859261036,O2,O2,intphys-dev,12,6,981.3333333333334,0.621359 0.589990 0.571938 0.570036 0.576921 0.571076 0.569990 0.595243 0.580202 0.574465 0.580539 0.595283,0.621360 0.589990 0.571938 0.570036 0.576921 0.574114 0.569990 0.595243 0.580202 0.574465 0.580539 0.595283,0.621359 0.589990 0.571938 0.570036 0.576921 0.571076 0.569990 0.595243 0.580202 0.574465 0.580539 0.595283,1 1 1 1 1 1 0 0 0 0 0 0,4,True,False
3,O3:01,3,possible,0.5918576717376709,0.5918576717376709,0.5918576717376709,0.5918576717376709,0.5870447556177775,0.5918576717376709,0.005650651641190052,O3,O3,intphys-dev,12,3,938.6666666666666,0.583133 0.591858 0.586144 0.584341 0.582858 0.573017 0.567962 0.585389 0.582130 0.584601 0.589322 0.577891,0.583133 0.591858 0.587501 0.584341 0.582858 0.573017 0.567962 0.585389 0.582130 0.584601 0.589322 0.577891,0.583133 0.591858 0.586144 0.584341 0.582858 0.573017 0.567962 0.585389 0.582130 0.584601 0.589322 0.577891,1 1 1 0 0 0 0 0 0 0 0 0,1,True,False
1,O3:01,3,impossible,0.5913525223731995,0.5913525819778442,0.5913525223731995,0.5913525223731995,0.5867320696512858,0.5913525819778442,0.005649311002343893,O3,O3,intphys-dev,12,3,938.6666666666666,0.583377 0.591353 0.585466 0.584513 0.582858 0.573017 0.567962 0.585389 0.582130 0.584601 0.589322 0.577891,0.583377 0.591353 0.587383 0.584513 0.582858 0.573017 0.567962 0.585389 0.582130 0.584601 0.589322 0.577891,0.583377 0.591353 0.585466 0.584513 0.582858 0.573017 0.567962 0.585389 0.582130 0.584601 0.589322 0.577891,1 1 1 0 0 0 0 0 0 0 0 0,3,True,False
4,O3:01,4,possible,0.5913525223731995,0.5917975306510925,0.5913525223731995,0.5913525223731995,0.5869624614715576,0.5917975306510925,0.005654847715049982,O3,O3,intphys-dev,12,3,938.6666666666666,0.583377 0.591353 0.586157 0.584249 0.581577 0.570575 0.565852 0.584443 0.582486 0.583041 0.591798 0.577676,0.583377 0.591353 0.587850 0.584249 0.581577 0.570575 0.565852 0.584443 0.582486 0.583041 0.591798 0.577676,0.583377 0.591353 0.586157 0.584249 0.581577 0.570575 0.565852 0.584443 0.582486 0.583041 0.591798 0.577676,1 1 1 0 0 0 0 0 0 0 0 0,2,True,False
2,O3:01,4,impossible,0.5918576717376709,0.5918576717376709,0.5918576717376709,0.5918576717376709,0.5866818428039551,0.5918576717376709,0.005656077992171049,O3,O3,intphys-dev,12,3,938.6666666666666,0.583133 0.591858 0.585055 0.584587 0.581577 0.570575 0.565852 0.584443 0.582486 0.583041 0.591798 0.577676,0.583133 0.591858 0.586459 0.584587 0.581577 0.570575 0.565852 0.584443 0.582486 0.583041 0.591798 0.577676,0.583133 0.591858 0.585055 0.584587 0.581577 0.570575 0.565852 0.584443 0.582486 0.583041 0.591798 0.577676,1 1 1 0 0 0 0 0 0 0 0 0,4,True,False
2,O3:02,2,possible,0.59226393699646,0.59226393699646,0.59226393699646,0.59226393699646,0.5804913540681204,0.59226393699646,0.004200545605272055,O3,O3,intphys-dev,12,6,981.3333333333334,0.586851 0.584748 0.582718 0.581924 0.578218 0.574539 0.569198 0.592264 0.575257 0.578726 0.583389 0.584115,0.586851 0.584748 0.582718 0.581924 0.578218 0.574539 0.565421 0.592264 0.575257 0.578726 0.583389 0.584115,0.586851 0.584748 0.582718 0.581924 0.578218 0.574539 0.569198 0.592264 0.575257 0.578726 0.583389 0.584115,0 0 0 0 0 0 1 1 1 1 1 1,1,True,False
1,O3:02,2,impossible,0.5922379493713379,0.5922379493713379,0.5922379493713379,0.5922379493713379,0.5800336102644602,0.5922379493713379,0.004195564892143011,O3,O3,intphys-dev,12,6,981.3333333333334,0.586851 0.584748 0.582718 0.581924 0.578218 0.574539 0.568285 0.592238 0.577659 0.578606 0.581681 0.581733,0.586851 0.584748 0.582718 0.581924 0.578218 0.574539 0.564329 0.592238 0.577659 0.578606 0.581681 0.581733,0.586851 0.584748 0.582718 0.581924 0.578218 0.574539 0.568285 0.592238 0.577659 0.578606 0.581681 0.581733,0 0 0 0 0 0 1 1 1 1 1 1,2,True,False
4,O3:02,4,possible,0.5922349095344543,0.5922348499298096,0.5922349095344543,0.5922349095344543,0.5799703896045685,0.5922348499298096,0.004190905950963497,O3,O3,intphys-dev,12,6,981.3333333333334,0.585053 0.584754 0.580675 0.581116 0.578709 0.574541 0.567909 0.592235 0.577659 0.578606 0.581681 0.581733,0.585053 0.584754 0.580675 0.581116 0.578709 0.574541 0.565147 0.592235 0.577659 0.578606 0.581681 0.581733,0.585053 0.584754 0.580675 0.581116 0.578709 0.574541 0.567909 0.592235 0.577659 0.578606 0.581681 0.581733,0 0 0 0 0 0 1 1 1 1 1 1,3,True,False
3,O3:02,4,impossible,0.5920571088790894,0.5920571088790894,0.5920571088790894,0.5920571088790894,0.5802527765432993,0.5920571088790894,0.00419582286849618,O3,O3,intphys-dev,12,6,981.3333333333334,0.585053 0.584754 0.580675 0.581116 0.578709 0.574541 0.567973 0.592057 0.575257 0.578726 0.583389 0.584115,0.585053 0.584754 0.580675 0.581116 0.578709 0.574541 0.564811 0.592057 0.575257 0.578726 0.583389 0.584115,0.585053 0.584754 0.580675 0.581116 0.578709 0.574541 0.567973 0.592057 0.575257 0.578726 0.583389 0.584115,0 0 0 0 0 0 1 1 1 1 1 1,4,True,False
1,O3:03,1,possible,0.5782066583633423,0.5862642526626587,0.5782066583633423,0.5782066583633423,0.5724762280782064,0.5862642526626587,0.0015744216507300735,O3,O3,intphys-dev,12,3,853.3333333333334,0.560175 0.560309 0.560600 0.561768 0.586264 0.578207 0.577169 0.562053 0.559954 0.557938 0.560841 0.560852,0.560175 0.560309 0.560600 0.561768 0.586264 0.578207 0.577169 0.568406 0.559954 0.557938 0.560841 0.560852,0.560175 0.560309 0.560600 0.561768 0.586264 0.578207 0.577169 0.562053 0.559954 0.557938 0.560841 0.560852,0 0 0 0 0 1 1 1 0 0 0 0,3,True,False
3,O3:03,1,impossible,0.5798051357269287,0.5862642526626587,0.5798051357269287,0.5798051357269287,0.5757564902305603,0.5862642526626587,0.0015876081306487322,O3,O3,intphys-dev,12,3,853.3333333333334,0.560175 0.560309 0.560600 0.561768 0.586264 0.576025 0.579805 0.571439 0.559852 0.557938 0.560841 0.560852,0.560175 0.560309 0.560600 0.561768 0.586264 0.576025 0.579805 0.573163 0.559852 0.557938 0.560841 0.560852,0.560175 0.560309 0.560600 0.561768 0.586264 0.576025 0.579805 0.571439 0.559852 0.557938 0.560841 0.560852,0 0 0 0 0 1 1 1 0 0 0 0,1,True,False
4,O3:03,4,possible,0.5889952182769775,0.5889952182769775,0.5889952182769775,0.5889952182769775,0.578805943330129,0.5889952182769775,0.001540438737720251,O3,O3,intphys-dev,12,3,853.3333333333334,0.560533 0.560533 0.560533 0.562020 0.562377 0.588995 0.579805 0.567617 0.568510 0.561517 0.559848 0.560604,0.560533 0.560533 0.560533 0.562020 0.562377 0.588995 0.579805 0.574277 0.568510 0.561517 0.559848 0.560604,0.560533 0.560533 0.560533 0.562020 0.562377 0.588995 0.579805 0.567617 0.568510 0.561517 0.559848 0.560604,0 0 0 0 0 1 1 1 0 0 0 0,2,True,False
2,O3:03,4,impossible,0.5966252088546753,0.5966252088546753,0.5966252088546753,0.5966252088546753,0.5813232660293579,0.5966252088546753,0.0015385388396680355,O3,O3,intphys-dev,12,3,853.3333333333334,0.560533 0.560533 0.560533 0.562020 0.562377 0.596625 0.577169 0.570175 0.568705 0.561517 0.559848 0.560604,0.560533 0.560533 0.560533 0.562020 0.562377 0.596625 0.577169 0.574417 0.568705 0.561517 0.559848 0.560604,0.560533 0.560533 0.560533 0.562020 0.562377 0.596625 0.577169 0.570175 0.568705 0.561517 0.559848 0.560604,0 0 0 0 0 1 1 1 0 0 0 0,4,True,False
1,O3:04,1,possible,0.5814507007598877,0.6113784313201904,0.5814507007598877,0.5814507007598877,0.5745387474695841,0.6113784313201904,0.008390571922063828,O3,O3,intphys-dev,12,3,768.0,0.608653 0.597145 0.586483 0.581451 0.573082 0.569084 0.569612 0.565106 0.570859 0.611378 0.587269 0.596011,0.608653 0.597145 0.586483 0.574804 0.573082 0.569084 0.569612 0.565106 0.570859 0.611378 0.587269 0.596011,0.608653 0.597145 0.586483 0.581451 0.573082 0.569084 0.569612 0.565106 0.570859 0.611378 0.587269 0.596011,0 0 0 1 1 1 0 0 0 0 0 0,3,True,False
3,O3:04,1,impossible,0.5827810764312744,0.6113784313201904,0.5827810764312744,0.5827810764312744,0.574566106001536,0.6113784313201904,0.008389133960008621,O3,O3,intphys-dev,12,3,768.0,0.608653 0.597145 0.586483 0.582781 0.572836 0.568081 0.566847 0.565106 0.570859 0.611378 0.587269 0.596011,0.608653 0.597145 0.586483 0.574563 0.572836 0.568081 0.566847 0.565106 0.570859 0.611378 0.587269 0.596011,0.608653 0.597145 0.586483 0.582781 0.572836 0.568081 0.566847 0.565106 0.570859 0.611378 0.587269 0.596011,0 0 0 1 1 1 0 0 0 0 0 0,1,True,False
2,O3:04,2,possible,0.582287073135376,0.6108130216598511,0.582287073135376,0.582287073135376,0.5738652547200521,0.6108130216598511,0.008404416963458061,O3,O3,intphys-dev,12,3,768.0,0.606643 0.596467 0.588034 0.582287 0.570608 0.568701 0.568149 0.565203 0.579889 0.610813 0.588720 0.595107,0.606643 0.596467 0.588034 0.573988 0.570608 0.568701 0.568149 0.565203 0.579889 0.610813 0.588720 0.595107,0.606643 0.596467 0.588034 0.582287 0.570608 0.568701 0.568149 0.565203 0.579889 0.610813 0.588720 0.595107,0 0 0 1 1 1 0 0 0 0 0 0,4,True,False
4,O3:04,2,impossible,0.5835932493209839,0.6108130216598511,0.5835932493209839,0.5835932493209839,0.5751690069834391,0.6108130216598511,0.008405905216932297,O3,O3,intphys-dev,12,3,768.0,0.606643 0.596467 0.588034 0.583593 0.572106 0.569808 0.566526 0.565203 0.579889 0.610813 0.588720 0.595107,0.606643 0.596467 0.588034 0.573899 0.572106 0.569808 0.566526 0.565203 0.579889 0.610813 0.588720 0.595107,0.606643 0.596467 0.588034 0.583593 0.572106 0.569808 0.566526 0.565203 0.579889 0.610813 0.588720 0.595107,0 0 0 1 1 1 0 0 0 0 0 0,2,True,False
1,O3:05,1,possible,0.5909071564674377,0.5903744697570801,0.5909071564674377,0.5909071564674377,0.579903244972229,0.5903744697570801,0.0018354874337092042,O3,O3,intphys-dev,12,3,597.3333333333334,0.571494 0.571494 0.571494 0.578838 0.590374 0.583517 0.590907 0.576456 0.572346 0.573394 0.570471 0.567520,0.571494 0.571494 0.571494 0.578838 0.590374 0.583517 0.580042 0.576457 0.576606 0.573394 0.570471 0.567520,0.571494 0.571494 0.571494 0.578838 0.590374 0.583517 0.590907 0.576456 0.572346 0.573394 0.570471 0.567520,0 0 0 0 0 0 1 1 1 0 0 0,2,True,False
2,O3:05,1,impossible,0.5911363363265991,0.5903744697570801,0.5911363363265991,0.5911363363265991,0.5822676420211792,0.5903744697570801,0.0018342729890719056,O3,O3,intphys-dev,12,3,597.3333333333334,0.571494 0.571494 0.571494 0.578838 0.590374 0.583517 0.591136 0.576585 0.579082 0.572141 0.570471 0.567520,0.571494 0.571494 0.571494 0.578838 0.590374 0.583517 0.581481 0.576585 0.576403 0.572141 0.570471 0.567520,0.571494 0.571494 0.571494 0.578838 0.590374 0.583517 0.591136 0.576585 0.579082 0.572141 0.570471 0.567520,0 0 0 0 0 0 1 1 1 0 0 0,1,True,False
3,O3:05,3,possible,0.5867554545402527,0.5902157425880432,0.5867554545402527,0.5867554545402527,0.5775240659713745,0.5902157425880432,0.001867918181233108,O3,O3,intphys-dev,12,3,597.3333333333334,0.570444 0.570444 0.570444 0.579690 0.590216 0.587271 0.586755 0.575162 0.570655 0.570093 0.568053 0.570832,0.570444 0.570444 0.570444 0.579690 0.590216 0.587271 0.579673 0.575162 0.572222 0.570093 0.568053 0.570832,0.570444 0.570444 0.570444 0.579690 0.590216 0.587271 0.586755 0.575162 0.570655 0.570093 0.568053 0.570832,0 0 0 0 0 0 1 1 1 0 0 0,4,True,False
4,O3:05,3,impossible,0.5881451368331909,0.5902157425880432,0.5881451368331909,0.5881451368331909,0.5803005894025167,0.5902157425880432,0.0018724020337685943,O3,O3,intphys-dev,12,3,597.3333333333334,0.570444 0.570444 0.570444 0.579690 0.590216 0.587271 0.588145 0.575382 0.577374 0.570459 0.568053 0.570832,0.570444 0.570444 0.570444 0.579690 0.590216 0.587271 0.579520 0.575382 0.576317 0.570459 0.568053 0.570832,0.570444 0.570444 0.570444 0.579690 0.590216 0.587271 0.588145 0.575382 0.577374 0.570459 0.568053 0.570832,0 0 0 0 0 0 1 1 1 0 0 0,3,True,False
1,O3:06,1,possible,0.5780907273292542,0.5956288576126099,0.5780907273292542,0.5780907273292542,0.5686075985431671,0.5956288576126099,0.002428547479212284,O3,O3,intphys-dev,12,6,981.3333333333334,0.567902 0.567902 0.567902 0.565555 0.595629 0.578052 0.578091 0.571130 0.564345 0.562285 0.567892 0.567902,0.567902 0.567902 0.567902 0.565555 0.595629 0.578052 0.574710 0.571130 0.564345 0.562285 0.567892 0.567902,0.567902 0.567902 0.567902 0.565555 0.595629 0.578052 0.578091 0.571130 0.564345 0.562285 0.567892 0.567902,0 0 0 0 0 0 1 1 1 1 1 1,4,True,False
4,O3:06,1,impossible,0.5831436514854431,0.5956288576126099,0.5831436514854431,0.5831436514854431,0.570043663183848,0.5956288576126099,0.0025652896147221327,O3,O3,intphys-dev,12,6,981.3333333333334,0.567902 0.567902 0.567902 0.565555 0.595629 0.578052 0.583144 0.574448 0.566605 0.561711 0.567155 0.567198,0.567902 0.567902 0.567902 0.565555 0.595629 0.578052 0.579714 0.574448 0.566605 0.561711 0.567155 0.567198,0.567902 0.567902 0.567902 0.565555 0.595629 0.578052 0.583144 0.574448 0.566605 0.561711 0.567155 0.567198,0 0 0 0 0 0 1 1 1 1 1 1,1,True,False
2,O3:06,2,possible,0.5854561924934387,0.5903351306915283,0.5854561924934387,0.5854561924934387,0.570598840713501,0.5903351306915283,0.002458038507029414,O3,O3,intphys-dev,12,6,981.3333333333334,0.567198 0.567198 0.567198 0.568332 0.590335 0.580447 0.585456 0.575467 0.566605 0.561711 0.567155 0.567198,0.567198 0.567198 0.567198 0.568332 0.590335 0.580447 0.581808 0.575467 0.566605 0.561711 0.567155 0.567198,0.567198 0.567198 0.567198 0.568332 0.590335 0.580447 0.585456 0.575467 0.566605 0.561711 0.567155 0.567198,0 0 0 0 0 0 1 1 1 1 1 1,3,True,False
3,O3:06,2,impossible,0.582310140132904,0.5903351306915283,0.582310140132904,0.582310140132904,0.5694639583428701,0.5903351306915283,0.0023326699156314135,O3,O3,intphys-dev,12,6,981.3333333333334,0.567198 0.567198 0.567198 0.568332 0.590335 0.580447 0.582310 0.572049 0.564345 0.562285 0.567892 0.567902,0.567198 0.567198 0.567198 0.568332 0.590335 0.580447 0.579128 0.572049 0.564345 0.562285 0.567892 0.567902,0.567198 0.567198 0.567198 0.568332 0.590335 0.580447 0.582310 0.572049 0.564345 0.562285 0.567892 0.567902,0 0 0 0 0 0 1 1 1 1 1 1,2,True,False
1,O3:07,1,possible,0.575309157371521,0.575309157371521,0.575309157371521,0.575309157371521,0.575309157371521,0.575309157371521,0.0011571574723348022,O3,O3,intphys-dev,12,1,1024.0,0.575309 0.575073 0.575073 0.575292 0.575292 0.575292 0.575292 0.575292 0.575292 0.575073 0.575073 0.575073,0.575309 0.575073 0.575073 0.575292 0.575292 0.575292 0.575292 0.575292 0.575292 0.575073 0.575073 0.575073,0.575309 0.575073 0.575073 0.575292 0.575292 0.575292 0.575292 0.575292 0.575292 0.575073 0.575073 0.575073,1 0 0 0 0 0 0 0 0 0 0 0,3,True,False
3,O3:07,1,impossible,0.5687164068222046,0.5766333341598511,0.5687164068222046,0.5687164068222046,0.5687164068222046,0.5766333341598511,0.0011804805835708976,O3,O3,intphys-dev,12,1,1024.0,0.568716 0.576633 0.575073 0.575292 0.575292 0.575292 0.575292 0.575292 0.575292 0.575073 0.575073 0.575073,0.568716 0.576633 0.575073 0.575292 0.575292 0.575292 0.575292 0.575292 0.575292 0.575073 0.575073 0.575073,0.568716 0.576633 0.575073 0.575292 0.575292 0.575292 0.575292 0.575292 0.575292 0.575073 0.575073 0.575073,1 0 0 0 0 0 0 0 0 0 0 0,1,True,False
2,O3:07,2,possible,0.5687164068222046,0.5687678456306458,0.5687164068222046,0.5687164068222046,0.5687164068222046,0.5687678456306458,0.0011633492540568113,O3,O3,intphys-dev,12,1,1024.0,0.568716 0.568768 0.568768 0.567857 0.567857 0.567857 0.567857 0.567857 0.567857 0.568768 0.568768 0.568768,0.568716 0.568768 0.568768 0.567857 0.567857 0.567857 0.567857 0.567857 0.567857 0.568768 0.568768 0.568768,0.568716 0.568768 0.568768 0.567857 0.567857 0.567857 0.567857 0.567857 0.567857 0.568768 0.568768 0.568768,1 0 0 0 0 0 0 0 0 0 0 0,4,True,False
4,O3:07,2,impossible,0.575309157371521,0.575309157371521,0.575309157371521,0.575309157371521,0.575309157371521,0.575309157371521,0.00118475581984967,O3,O3,intphys-dev,12,1,1024.0,0.575309 0.573430 0.568768 0.567857 0.567857 0.567857 0.567857 0.567857 0.567857 0.568768 0.568768 0.568768,0.575309 0.573430 0.568768 0.567857 0.567857 0.567857 0.567857 0.567857 0.567857 0.568768 0.568768 0.568768,0.575309 0.573430 0.568768 0.567857 0.567857 0.567857 0.567857 0.567857 0.567857 0.568768 0.568768 0.568768,1 0 0 0 0 0 0 0 0 0 0 0,2,True,False
3,O3:08,3,possible,0.5877999067306519,0.5906171798706055,0.5877999067306519,0.5877999067306519,0.5749380737543106,0.5906171798706055,0.004139052238315344,O3,O3,intphys-dev,12,4,832.0,0.585667 0.577870 0.567674 0.567808 0.568491 0.565638 0.557898 0.590617 0.576271 0.565897 0.569785 0.587800,0.585667 0.577870 0.567674 0.567808 0.568491 0.565638 0.557898 0.590617 0.562495 0.565897 0.569785 0.587800,0.585667 0.577870 0.567674 0.567808 0.568491 0.565638 0.557898 0.590617 0.576271 0.565897 0.569785 0.587800,0 0 0 0 0 0 0 0 1 1 1 1,2,True,False
2,O3:08,3,impossible,0.5854661464691162,0.5906171798706055,0.5854661464691162,0.5854661464691162,0.5745153874158859,0.5906171798706055,0.004134454298764467,O3,O3,intphys-dev,12,4,832.0,0.585667 0.577870 0.567674 0.567808 0.568491 0.565638 0.557898 0.590617 0.575783 0.567130 0.569682 0.585466,0.585667 0.577870 0.567674 0.567808 0.568491 0.565638 0.557898 0.590617 0.562410 0.567130 0.569682 0.585466,0.585667 0.577870 0.567674 0.567808 0.568491 0.565638 0.557898 0.590617 0.575783 0.567130 0.569682 0.585466,0 0 0 0 0 0 0 0 1 1 1 1,3,True,False
4,O3:08,4,possible,0.5854661464691162,0.5951518416404724,0.5854661464691162,0.5854661464691162,0.573867455124855,0.5951518416404724,0.004126513376832008,O3,O3,intphys-dev,12,4,832.0,0.584077 0.579319 0.569330 0.568140 0.566907 0.566549 0.558907 0.595152 0.575536 0.565823 0.568645 0.585466,0.584077 0.579319 0.569330 0.568140 0.566907 0.566549 0.558907 0.595152 0.560949 0.565823 0.568645 0.585466,0.584077 0.579319 0.569330 0.568140 0.566907 0.566549 0.558907 0.595152 0.575536 0.565823 0.568645 0.585466,0 0 0 0 0 0 0 0 1 1 1 1,1,True,False
1,O3:08,4,impossible,0.5877999067306519,0.5951518416404724,0.5877999067306519,0.5877999067306519,0.5749318450689316,0.5951518416404724,0.004131173714995384,O3,O3,intphys-dev,12,4,832.0,0.584077 0.579319 0.569330 0.568140 0.566907 0.566549 0.558907 0.595152 0.575684 0.566339 0.569905 0.587800,0.584077 0.579319 0.569330 0.568140 0.566907 0.566549 0.558907 0.595152 0.561160 0.566339 0.569905 0.587800,0.584077 0.579319 0.569330 0.568140 0.566907 0.566549 0.558907 0.595152 0.575684 0.566339 0.569905 0.587800,0 0 0 0 0 0 0 0 1 1 1 1,4,True,False
2,O3:09,2,possible,0.5703468322753906,0.6081962585449219,0.5703468322753906,0.5703468322753906,0.5659948587417603,0.6081962585449219,0.008674569427967072,O3,O3,intphys-dev,12,2,896.0,0.608196 0.596338 0.590569 0.571465 0.570347 0.561643 0.561889 0.559522 0.562153 0.608174 0.589786 0.593415,0.608196 0.596338 0.590569 0.571465 0.570347 0.566613 0.561889 0.559522 0.562153 0.608174 0.589786 0.593415,0.608196 0.596338 0.590569 0.571465 0.570347 0.561643 0.561889 0.559522 0.562153 0.608174 0.589786 0.593415,0 0 0 0 1 1 0 0 0 0 0 0,4,True,False
4,O3:09,2,impossible,0.5708122253417969,0.6081962585449219,0.5708122253417969,0.5708122253417969,0.5662655532360077,0.6081962585449219,0.008676350116729736,O3,O3,intphys-dev,12,2,896.0,0.608196 0.596338 0.590569 0.571465 0.570812 0.561719 0.564363 0.559522 0.562153 0.608174 0.589786 0.593415,0.608196 0.596338 0.590569 0.571465 0.570812 0.566388 0.564363 0.559522 0.562153 0.608174 0.589786 0.593415,0.608196 0.596338 0.590569 0.571465 0.570812 0.561719 0.564363 0.559522 0.562153 0.608174 0.589786 0.593415,0 0 0 0 1 1 0 0 0 0 0 0,2,True,False
3,O3:09,3,possible,0.5721189379692078,0.6100965738296509,0.5721189379692078,0.5721189379692078,0.5672828257083893,0.6100965738296509,0.008670544251799583,O3,O3,intphys-dev,12,2,896.0,0.609155 0.597202 0.585785 0.570070 0.572119 0.562447 0.566828 0.562027 0.561449 0.610097 0.592281 0.591773,0.609155 0.597202 0.585785 0.570070 0.572119 0.569804 0.566828 0.562027 0.561449 0.610097 0.592281 0.591773,0.609155 0.597202 0.585785 0.570070 0.572119 0.562447 0.566828 0.562027 0.561449 0.610097 0.592281 0.591773,0 0 0 0 1 1 0 0 0 0 0 0,1,True,False
1,O3:09,3,impossible,0.5700740814208984,0.6100965738296509,0.5700740814208984,0.5700740814208984,0.5668252408504486,0.6100965738296509,0.008668861351907253,O3,O3,intphys-dev,12,2,896.0,0.609155 0.597202 0.585785 0.570070 0.570074 0.563576 0.565347 0.562027 0.561449 0.610097 0.592281 0.591773,0.609155 0.597202 0.585785 0.570070 0.570074 0.569679 0.565347 0.562027 0.561449 0.610097 0.592281 0.591773,0.609155 0.597202 0.585785 0.570070 0.570074 0.563576 0.565347 0.562027 0.561449 0.610097 0.592281 0.591773,0 0 0 0 1 1 0 0 0 0 0 0,3,True,False
1,O3:10,1,possible,0.5907230377197266,0.6031178832054138,0.5907230377197266,0.5907230377197266,0.5820611238479614,0.6031178832054138,0.006127298343926668,O3,O3,intphys-dev,12,5,972.8,0.597543 0.603118 0.579412 0.574091 0.572487 0.565983 0.561987 0.586772 0.576638 0.575634 0.580539 0.590723,0.597543 0.603118 0.579412 0.574091 0.572487 0.565983 0.561987 0.584402 0.576638 0.575634 0.580539 0.590723,0.597543 0.603118 0.579412 0.574091 0.572487 0.565983 0.561987 0.586772 0.576638 0.575634 0.580539 0.590723,0 0 0 0 0 0 0 1 1 1 1 1,2,True,False
2,O3:10,1,impossible,0.5952006578445435,0.6031178832054138,0.5952006578445435,0.5952006578445435,0.5838050365447998,0.6031178832054138,0.006129767280071974,O3,O3,intphys-dev,12,5,972.8,0.597543 0.603118 0.579412 0.574091 0.572487 0.565983 0.561987 0.588073 0.577372 0.578249 0.580130 0.595201,0.597543 0.603118 0.579412 0.574091 0.572487 0.565983 0.561987 0.585187 0.577372 0.578249 0.580130 0.595201,0.597543 0.603118 0.579412 0.574091 0.572487 0.565983 0.561987 0.588073 0.577372 0.578249 0.580130 0.595201,0 0 0 0 0 0 0 1 1 1 1 1,1,True,False
4,O3:10,4,possible,0.5952006578445435,0.602425217628479,0.5952006578445435,0.5952006578445435,0.5838399291038513,0.602425217628479,0.006130828522145748,O3,O3,intphys-dev,12,5,972.8,0.597411 0.602425 0.580522 0.574908 0.573060 0.564832 0.561315 0.588484 0.577136 0.578249 0.580130 0.595201,0.597411 0.602425 0.580522 0.574908 0.573060 0.564832 0.561315 0.586228 0.577135 0.578249 0.580130 0.595201,0.597411 0.602425 0.580522 0.574908 0.573060 0.564832 0.561315 0.588484 0.577136 0.578249 0.580130 0.595201,0 0 0 0 0 0 0 1 1 1 1 1,3,True,False
3,O3:10,4,impossible,0.5907230377197266,0.602425217628479,0.5907230377197266,0.5907230377197266,0.582383131980896,0.602425217628479,0.006128303240984678,O3,O3,intphys-dev,12,5,972.8,0.597411 0.602425 0.580522 0.574908 0.573060 0.564832 0.561315 0.589133 0.575887 0.575634 0.580539 0.590723,0.597411 0.602425 0.580522 0.574908 0.573060 0.564832 0.561315 0.587202 0.575887 0.575634 0.580539 0.590723,0.597411 0.602425 0.580522 0.574908 0.573060 0.564832 0.561315 0.589133 0.575887 0.575634 0.580539 0.590723,0 0 0 0 0 0 0 1 1 1 1 1,4,True,False
2,O3:11,2,possible,0.5852833390235901,0.5852832794189453,0.5852833390235901,0.5852833390235901,0.5764755805333456,0.5852832794189453,0.0030441065318882465,O3,O3,intphys-dev,12,6,1024.0,0.568358 0.568358 0.568358 0.585264 0.585283 0.583232 0.577506 0.572000 0.568190 0.565492 0.568117 0.568168,0.568358 0.568358 0.568358 0.585264 0.585283 0.583232 0.577506 0.572000 0.568190 0.565492 0.568117 0.568168,0.568358 0.568358 0.568358 0.585264 0.585283 0.583232 0.577506 0.572000 0.568190 0.565492 0.568117 0.568168,1 1 1 1 1 1 0 0 0 0 0 0,1,True,False
1,O3:11,2,impossible,0.5867221355438232,0.5867221355438232,0.5867221355438232,0.5867221355438232,0.5756431321303049,0.5867221355438232,0.0029293131083250046,O3,O3,intphys-dev,12,6,1024.0,0.566592 0.566592 0.566592 0.586722 0.584198 0.583162 0.580483 0.572000 0.568190 0.565492 0.568117 0.568168,0.566592 0.566592 0.566592 0.586722 0.584198 0.583162 0.580483 0.572000 0.568190 0.565492 0.568117 0.568168,0.566592 0.566592 0.566592 0.586722 0.584198 0.583162 0.580483 0.572000 0.568190 0.565492 0.568117 0.568168,1 1 1 1 1 1 0 0 0 0 0 0,2,True,False
4,O3:11,4,possible,0.5867221355438232,0.5867221355438232,0.5867221355438232,0.5867221355438232,0.5756431321303049,0.5867221355438232,0.003066770965233445,O3,O3,intphys-dev,12,6,1024.0,0.566592 0.566592 0.566592 0.586722 0.584198 0.583162 0.581191 0.577515 0.572522 0.569095 0.566647 0.566585,0.566592 0.566592 0.566592 0.586722 0.584198 0.583162 0.581191 0.577515 0.572522 0.569095 0.566647 0.566585,0.566592 0.566592 0.566592 0.586722 0.584198 0.583162 0.581191 0.577515 0.572522 0.569095 0.566647 0.566585,1 1 1 1 1 1 0 0 0 0 0 0,3,True,False
3,O3:11,4,impossible,0.5852833390235901,0.5852832794189453,0.5852833390235901,0.5852833390235901,0.5764755805333456,0.5852832794189453,0.0032096575014293194,O3,O3,intphys-dev,12,6,1024.0,0.568358 0.568358 0.568358 0.585264 0.585283 0.583232 0.580023 0.577515 0.572522 0.569095 0.566647 0.566585,0.568358 0.568358 0.568358 0.585264 0.585283 0.583232 0.580023 0.577515 0.572522 0.569095 0.566647 0.566585,0.568358 0.568358 0.568358 0.585264 0.585283 0.583232 0.580023 0.577515 0.572522 0.569095 0.566647 0.566585,1 1 1 1 1 1 0 0 0 0 0 0,4,True,False
2,O3:12,2,possible,0.5683429837226868,0.5703924298286438,0.5683429837226868,0.5683429837226868,0.5678367167711258,0.5703924298286438,0.0011770292185246944,O3,O3,intphys-dev,12,4,896.0,0.568343 0.568343 0.568343 0.566318 0.570392 0.570392 0.570392 0.570392 0.570392 0.568343 0.568343 0.568343,0.568343 0.568343 0.568343 0.570392 0.570392 0.570392 0.570392 0.570392 0.570392 0.568343 0.568343 0.568343,0.568343 0.568343 0.568343 0.566318 0.570392 0.570392 0.570392 0.570392 0.570392 0.568343 0.568343 0.568343,1 1 1 1 0 0 0 0 0 0 0 0,1,True,False
1,O3:12,2,impossible,0.578924834728241,0.5813490152359009,0.578924834728241,0.578924834728241,0.578893855214119,0.5813490152359009,0.0012189403641968966,O3,O3,intphys-dev,12,4,896.0,0.578925 0.578925 0.578925 0.578801 0.569573 0.570392 0.570392 0.570392 0.570392 0.568343 0.568343 0.568343,0.578925 0.578925 0.578925 0.581349 0.569573 0.570392 0.570392 0.570392 0.570392 0.568343 0.568343 0.568343,0.578925 0.578925 0.578925 0.578801 0.569573 0.570392 0.570392 0.570392 0.570392 0.568343 0.568343 0.568343,1 1 1 1 0 0 0 0 0 0 0 0,2,True,False
4,O3:12,4,possible,0.578924834728241,0.578924834728241,0.578924834728241,0.578924834728241,0.5772973001003265,0.578924834728241,0.0011746975360438228,O3,O3,intphys-dev,12,4,896.0,0.578925 0.578925 0.578925 0.572415 0.577780 0.577780 0.577780 0.577780 0.577780 0.578925 0.578925 0.578925,0.578925 0.578925 0.578925 0.577780 0.577780 0.577780 0.577780 0.577780 0.577780 0.578925 0.578925 0.578925,0.578925 0.578925 0.578925 0.572415 0.577780 0.577780 0.577780 0.577780 0.577780 0.578925 0.578925 0.578925,1 1 1 1 0 0 0 0 0 0 0 0,3,True,False
3,O3:12,4,impossible,0.5782781839370728,0.5802831649780273,0.5782781839370728,0.5782781839370728,0.5708267837762833,0.5802831649780273,0.0012182100908830762,O3,O3,intphys-dev,12,4,896.0,0.568343 0.568343 0.568343 0.578278 0.572427 0.577780 0.577780 0.577780 0.577780 0.578925 0.578925 0.578925,0.568343 0.568343 0.568343 0.580283 0.572427 0.577780 0.577780 0.577780 0.577780 0.578925 0.578925 0.578925,0.568343 0.568343 0.568343 0.578278 0.572427 0.577780 0.577780 0.577780 0.577780 0.578925 0.578925 0.578925,1 1 1 1 0 0 0 0 0 0 0 0,4,True,False
1,O3:13,1,possible,0.6011481285095215,0.5936846733093262,0.6011481285095215,0.6011481285095215,0.5789749979972839,0.5936846733093262,0.0033722794614732265,O3,O3,intphys-dev,12,5,870.4,0.568013 0.568013 0.568013 0.586416 0.593685 0.580665 0.580537 0.601148 0.582147 0.576276 0.567019 0.568286,0.568013 0.568013 0.568013 0.586416 0.593685 0.580665 0.580537 0.582217 0.582147 0.576276 0.567019 0.568286,0.568013 0.568013 0.568013 0.586416 0.593685 0.580665 0.580537 0.601148 0.582147 0.576276 0.567019 0.568286,0 0 0 0 0 0 0 1 1 1 1 1,2,True,False
2,O3:13,1,impossible,0.600664496421814,0.5936846733093262,0.600664496421814,0.600664496421814,0.5760561347007751,0.5936846733093262,0.0032868492417037487,O3,O3,intphys-dev,12,5,870.4,0.568013 0.568013 0.568013 0.586416 0.593685 0.580665 0.580537 0.600664 0.577295 0.567532 0.565357 0.569432,0.568013 0.568013 0.568013 0.586416 0.593685 0.580665 0.580537 0.580674 0.577295 0.567532 0.565357 0.569432,0.568013 0.568013 0.568013 0.586416 0.593685 0.580665 0.580537 0.600664 0.577295 0.567532 0.565357 0.569432,0 0 0 0 0 0 0 1 1 1 1 1,1,True,False
3,O3:13,3,possible,0.5970352292060852,0.591946005821228,0.5970352292060852,0.5970352292060852,0.5752471446990967,0.591946005821228,0.00336311012506485,O3,O3,intphys-dev,12,5,870.4,0.569296 0.569296 0.569296 0.587841 0.591946 0.581302 0.577858 0.597035 0.575562 0.568850 0.565357 0.569432,0.569296 0.569296 0.569296 0.587841 0.591946 0.581302 0.577858 0.577892 0.575562 0.568850 0.565357 0.569432,0.569296 0.569296 0.569296 0.587841 0.591946 0.581302 0.577858 0.597035 0.575562 0.568850 0.565357 0.569432,0 0 0 0 0 0 0 1 1 1 1 1,4,True,False
4,O3:13,3,impossible,0.600797176361084,0.591946005821228,0.600797176361084,0.600797176361084,0.5779620409011841,0.591946005821228,0.0034583539236336946,O3,O3,intphys-dev,12,5,870.4,0.569296 0.569296 0.569296 0.587841 0.591946 0.581302 0.577858 0.600797 0.579573 0.574135 0.567019 0.568286,0.569296 0.569296 0.569296 0.587841 0.591946 0.581302 0.577858 0.579792 0.579573 0.574135 0.567019 0.568286,0.569296 0.569296 0.569296 0.587841 0.591946 0.581302 0.577858 0.600797 0.579573 0.574135 0.567019 0.568286,0 0 0 0 0 0 0 1 1 1 1 1,3,True,False
3,O3:14,3,possible,0.5780674815177917,0.6021475195884705,0.5780674815177917,0.5780674815177917,0.5703890323638916,0.6021475195884705,0.008132265880703926,O3,O3,intphys-dev,12,2,512.0,0.602148 0.590539 0.580950 0.577418 0.578067 0.562711 0.569326 0.568334 0.567904 0.595245 0.591566 0.598421,0.602148 0.590539 0.580950 0.577418 0.576064 0.571036 0.569326 0.568334 0.567904 0.595245 0.591566 0.598421,0.602148 0.590539 0.580950 0.577418 0.578067 0.562711 0.569326 0.568334 0.567904 0.595245 0.591566 0.598421,0 0 0 0 1 1 0 0 0 0 0 0,1,True,False
1,O3:14,3,impossible,0.5762062668800354,0.6021475195884705,0.5762062668800354,0.5762062668800354,0.5680486261844635,0.6021475195884705,0.008131482638418674,O3,O3,intphys-dev,12,2,512.0,0.602148 0.590539 0.580950 0.577418 0.576206 0.559891 0.570324 0.568334 0.567904 0.595245 0.591566 0.598421,0.602148 0.590539 0.580950 0.577418 0.573729 0.569679 0.570324 0.568334 0.567904 0.595245 0.591566 0.598421,0.602148 0.590539 0.580950 0.577418 0.576206 0.559891 0.570324 0.568334 0.567904 0.595245 0.591566 0.598421,0 0 0 0 1 1 0 0 0 0 0 0,3,True,False
4,O3:14,4,possible,0.5768952965736389,0.6014571785926819,0.5768952965736389,0.5768952965736389,0.570990115404129,0.6014571785926819,0.00810641422867775,O3,O3,intphys-dev,12,2,512.0,0.601457 0.588550 0.578329 0.573676 0.576895 0.565085 0.569532 0.565932 0.566129 0.594212 0.591350 0.596870,0.601457 0.588550 0.578329 0.573676 0.573118 0.570673 0.569532 0.565932 0.566129 0.594212 0.591350 0.596870,0.601457 0.588550 0.578329 0.573676 0.576895 0.565085 0.569532 0.565932 0.566129 0.594212 0.591350 0.596870,0 0 0 0 1 1 0 0 0 0 0 0,2,True,False
2,O3:14,4,impossible,0.5800617337226868,0.6014571785926819,0.5800617337226868,0.5800617337226868,0.5731802582740784,0.6014571785926819,0.008107184432446957,O3,O3,intphys-dev,12,2,512.0,0.601457 0.588550 0.578329 0.573676 0.580062 0.566299 0.568846 0.565932 0.566129 0.594212 0.591350 0.596870,0.601457 0.588550 0.578329 0.573676 0.576246 0.570908 0.568846 0.565932 0.566129 0.594212 0.591350 0.596870,0.601457 0.588550 0.578329 0.573676 0.580062 0.566299 0.568846 0.565932 0.566129 0.594212 0.591350 0.596870,0 0 0 0 1 1 0 0 0 0 0 0,4,True,False
1,O3:15,1,possible,0.591334879398346,0.5991371870040894,0.591334879398346,0.591334879398346,0.591334879398346,0.5991371870040894,0.0018429574556648731,O3,O3,intphys-dev,12,1,768.0,0.567082 0.567082 0.567082 0.568256 0.599137 0.591335 0.582464 0.576936 0.570457 0.563866 0.561389 0.567082,0.567082 0.567082 0.567082 0.568256 0.599137 0.589010 0.582464 0.576936 0.570457 0.563866 0.561389 0.567082,0.567082 0.567082 0.567082 0.568256 0.599137 0.591335 0.582464 0.576936 0.570457 0.563866 0.561389 0.567082,0 0 0 0 0 1 0 0 0 0 0 0,2,True,False
2,O3:15,1,impossible,0.5893089771270752,0.5991371870040894,0.5893089771270752,0.5893089771270752,0.5893089771270752,0.5991371870040894,0.0018439623527228832,O3,O3,intphys-dev,12,1,768.0,0.567082 0.567082 0.567082 0.568256 0.599137 0.589309 0.580582 0.576936 0.570457 0.563866 0.561389 0.567082,0.567082 0.567082 0.567082 0.568256 0.599137 0.588035 0.580582 0.576936 0.570457 0.563866 0.561389 0.567082,0.567082 0.567082 0.567082 0.568256 0.599137 0.589309 0.580582 0.576936 0.570457 0.563866 0.561389 0.567082,0 0 0 0 0 1 0 0 0 0 0 0,1,True,False
4,O3:15,4,possible,0.5853731036186218,0.5837917327880859,0.5853731036186218,0.5853731036186218,0.5853731036186218,0.5837917327880859,0.0019170219311490655,O3,O3,intphys-dev,12,1,768.0,0.568258 0.568258 0.568258 0.582355 0.581897 0.585373 0.576540 0.575567 0.568997 0.565140 0.562950 0.568258,0.568258 0.568258 0.568258 0.582355 0.581897 0.583792 0.576540 0.575567 0.568997 0.565140 0.562950 0.568258,0.568258 0.568258 0.568258 0.582355 0.581897 0.585373 0.576540 0.575567 0.568997 0.565140 0.562950 0.568258,0 0 0 0 0 1 0 0 0 0 0 0,3,True,False
3,O3:15,4,impossible,0.5882232189178467,0.5870548486709595,0.5882232189178467,0.5882232189178467,0.5882232189178467,0.5870548486709595,0.0019169073784723878,O3,O3,intphys-dev,12,1,768.0,0.568258 0.568258 0.568258 0.582355 0.581897 0.588223 0.578378 0.575567 0.568997 0.565140 0.562950 0.568258,0.568258 0.568258 0.568258 0.582355 0.581897 0.587055 0.578378 0.575567 0.568997 0.565140 0.562950 0.568258,0.568258 0.568258 0.568258 0.582355 0.581897 0.588223 0.578378 0.575567 0.568997 0.565140 0.562950 0.568258,0 0 0 0 0 1 0 0 0 0 0 0,4,True,False
2,O3:16,2,possible,0.5767244696617126,0.5767245292663574,0.5767244696617126,0.5767244696617126,0.5766314387321472,0.5767245292663574,0.0012066110502928495,O3,O3,intphys-dev,12,5,1024.0,0.576541 0.576724 0.576717 0.576587 0.576587 0.576587 0.576587 0.576587 0.576587 0.576478 0.576478 0.576478,0.576541 0.576725 0.576717 0.576587 0.576587 0.576587 0.576587 0.576587 0.576587 0.576478 0.576478 0.576478,0.576541 0.576724 0.576717 0.576587 0.576587 0.576587 0.576587 0.576587 0.576587 0.576478 0.576478 0.576478,1 1 1 1 1 0 0 0 0 0 0 0,1,True,False
1,O3:16,2,impossible,0.5696638822555542,0.579788863658905,0.5696638822555542,0.5696638822555542,0.5694661736488342,0.579788863658905,0.001237418968230486,O3,O3,intphys-dev,12,5,1024.0,0.569452 0.569265 0.569286 0.569664 0.569664 0.579789 0.576587 0.576587 0.576587 0.576478 0.576478 0.576478,0.569452 0.569265 0.569286 0.569664 0.569664 0.579789 0.576587 0.576587 0.576587 0.576478 0.576478 0.576478,0.569452 0.569265 0.569286 0.569664 0.569664 0.579789 0.576587 0.576587 0.576587 0.576478 0.576478 0.576478,1 1 1 1 1 0 0 0 0 0 0 0,2,True,False
4,O3:16,4,possible,0.5696638822555542,0.5696638822555542,0.5696638822555542,0.5696638822555542,0.5694661736488342,0.5696638822555542,0.0012090521631762385,O3,O3,intphys-dev,12,5,1024.0,0.569452 0.569265 0.569286 0.569664 0.569664 0.569664 0.569664 0.569664 0.569664 0.569286 0.569286 0.569286,0.569452 0.569265 0.569286 0.569664 0.569664 0.569664 0.569664 0.569664 0.569664 0.569286 0.569286 0.569286,0.569452 0.569265 0.569286 0.569664 0.569664 0.569664 0.569664 0.569664 0.569664 0.569286 0.569286 0.569286,1 1 1 1 1 0 0 0 0 0 0 0,3,True,False
3,O3:16,4,impossible,0.5767244696617126,0.5793098211288452,0.5767244696617126,0.5767244696617126,0.5766314387321472,0.5793098211288452,0.0012378129176795483,O3,O3,intphys-dev,12,5,1024.0,0.576541 0.576724 0.576717 0.576587 0.576587 0.579310 0.569664 0.569664 0.569664 0.569286 0.569286 0.569286,0.576541 0.576725 0.576717 0.576587 0.576587 0.579310 0.569664 0.569664 0.569664 0.569286 0.569286 0.569286,0.576541 0.576724 0.576717 0.576587 0.576587 0.579310 0.569664 0.569664 0.569664 0.569286 0.569286 0.569286,1 1 1 1 1 0 0 0 0 0 0 0,4,True,False
2,O3:17,2,possible,0.5840751528739929,0.5981979370117188,0.5840751528739929,0.5840751528739929,0.5610181450843811,0.5981979370117188,0.0036957801785320044,O3,O3,intphys-dev,12,5,972.8,0.555409 0.555409 0.555409 0.554788 0.584075 0.572575 0.571807 0.564064 0.559066 0.555831 0.550382 0.555409,0.555409 0.555409 0.555409 0.554788 0.598198 0.572575 0.571807 0.564064 0.559066 0.555831 0.550382 0.555409,0.555409 0.555409 0.555409 0.554788 0.584075 0.572575 0.571807 0.564064 0.559066 0.555831 0.550382 0.555409,1 1 1 1 1 0 0 0 0 0 0 0,1,True,False
1,O3:17,2,impossible,0.5808206796646118,0.5808206796646118,0.5808206796646118,0.5808206796646118,0.5625977039337158,0.5808206796646118,0.004005648195743561,O3,O3,intphys-dev,12,5,972.8,0.554622 0.554622 0.554622 0.580821 0.568301 0.568563 0.571807 0.564064 0.559066 0.555831 0.550382 0.555409,0.554622 0.554622 0.554622 0.580821 0.578547 0.568563 0.571807 0.564064 0.559066 0.555831 0.550382 0.555409,0.554622 0.554622 0.554622 0.580821 0.568301 0.568563 0.571807 0.564064 0.559066 0.555831 0.550382 0.555409,1 1 1 1 1 0 0 0 0 0 0 0,2,True,False
3,O3:17,3,possible,0.5808206796646118,0.5808206796646118,0.5808206796646118,0.5808206796646118,0.5620041489601135,0.5808206796646118,0.003631735220551491,O3,O3,intphys-dev,12,5,972.8,0.554622 0.554622 0.554622 0.580821 0.565333 0.569892 0.565083 0.562249 0.558901 0.556445 0.550566 0.554622,0.554622 0.554622 0.554622 0.580821 0.575316 0.569892 0.565083 0.562249 0.558901 0.556445 0.550566 0.554622,0.554622 0.554622 0.554622 0.580821 0.565333 0.569892 0.565083 0.562249 0.558901 0.556445 0.550566 0.554622,1 1 1 1 1 0 0 0 0 0 0 0,4,True,False
4,O3:17,3,impossible,0.5835912227630615,0.5970131158828735,0.5835912227630615,0.5835912227630615,0.5609213590621949,0.5970131158828735,0.0033694521989673376,O3,O3,intphys-dev,12,5,972.8,0.555409 0.555409 0.555409 0.554788 0.583591 0.572635 0.565083 0.562249 0.558901 0.556445 0.550566 0.554622,0.555409 0.555409 0.555409 0.554788 0.597013 0.572635 0.565083 0.562249 0.558901 0.556445 0.550566 0.554622,0.555409 0.555409 0.555409 0.554788 0.583591 0.572635 0.565083 0.562249 0.558901 0.556445 0.550566 0.554622,1 1 1 1 1 0 0 0 0 0 0 0,3,True,False
3,O3:18,3,possible,0.6184291839599609,0.6184291839599609,0.6184291839599609,0.6184291839599609,0.5923560708761215,0.6184291839599609,0.010271088220179081,O3,O3,intphys-dev,12,4,960.0,0.618429 0.603035 0.586327 0.561633 0.585917 0.578072 0.576656 0.569270 0.562339 0.591366 0.591328 0.594122,0.618429 0.603035 0.586327 0.563655 0.585917 0.578072 0.576656 0.569270 0.562339 0.591366 0.591328 0.594122,0.618429 0.603035 0.586327 0.561633 0.585917 0.578072 0.576656 0.569270 0.562339 0.591366 0.591328 0.594122,1 1 1 1 0 0 0 0 0 0 0 0,2,True,False
2,O3:18,3,impossible,0.617999792098999,0.617999792098999,0.617999792098999,0.617999792098999,0.594882920384407,0.617999792098999,0.010462271049618721,O3,O3,intphys-dev,12,4,960.0,0.618000 0.601124 0.595127 0.565280 0.571593 0.578072 0.576656 0.569270 0.562339 0.591366 0.591328 0.594122,0.618000 0.601124 0.595127 0.567880 0.571593 0.578072 0.576656 0.569270 0.562339 0.591366 0.591328 0.594122,0.618000 0.601124 0.595127 0.565280 0.571593 0.578072 0.576656 0.569270 0.562339 0.591366 0.591328 0.594122,1 1 1 1 0 0 0 0 0 0 0 0,3,True,False
4,O3:18,4,possible,0.617999792098999,0.617999792098999,0.617999792098999,0.617999792098999,0.5949508994817734,0.617999792098999,0.010344241745769978,O3,O3,intphys-dev,12,4,960.0,0.618000 0.601124 0.595127 0.565552 0.572970 0.571402 0.563167 0.563226 0.563581 0.602199 0.591012 0.595263,0.618000 0.601124 0.595127 0.568220 0.572970 0.571402 0.563167 0.563226 0.563581 0.602199 0.591012 0.595263,0.618000 0.601124 0.595127 0.565552 0.572970 0.571402 0.563167 0.563226 0.563581 0.602199 0.591012 0.595263,1 1 1 1 0 0 0 0 0 0 0 0,1,True,False
1,O3:18,4,impossible,0.6184291839599609,0.6184291839599609,0.6184291839599609,0.6184291839599609,0.5923765897750854,0.6184291839599609,0.010153156705200672,O3,O3,intphys-dev,12,4,960.0,0.618429 0.603035 0.586327 0.561715 0.587904 0.571402 0.563167 0.563226 0.563581 0.602199 0.591012 0.595263,0.618429 0.603035 0.586327 0.563962 0.587904 0.571402 0.563167 0.563226 0.563581 0.602199 0.591012 0.595263,0.618429 0.603035 0.586327 0.561715 0.587904 0.571402 0.563167 0.563226 0.563581 0.602199 0.591012 0.595263,1 1 1 1 0 0 0 0 0 0 0 0,4,True,False
2,O3:19,2,possible,0.6014165878295898,0.6014165878295898,0.6014165878295898,0.6014165878295898,0.5920457392930984,0.6014165878295898,0.006085211411118507,O3,O3,intphys-dev,12,4,832.0,0.584511 0.593100 0.590137 0.585648 0.583279 0.572256 0.564818 0.587091 0.599054 0.586606 0.601417 0.581107,0.584511 0.593100 0.590137 0.585648 0.583279 0.572256 0.564818 0.587091 0.581908 0.586606 0.601417 0.581107,0.584511 0.593100 0.590137 0.585648 0.583279 0.572256 0.564818 0.587091 0.599054 0.586606 0.601417 0.581107,0 0 0 0 0 0 0 0 1 1 1 1,1,True,False
1,O3:19,2,impossible,0.5991909503936768,0.599190890789032,0.5991909503936768,0.5991909503936768,0.5929653197526932,0.599190890789032,0.006084935273975134,O3,O3,intphys-dev,12,4,832.0,0.584511 0.593100 0.590137 0.585648 0.583279 0.572256 0.564818 0.587091 0.598814 0.586633 0.599191 0.587223,0.584511 0.593100 0.590137 0.585648 0.583279 0.572256 0.564818 0.587091 0.582217 0.586633 0.599191 0.587223,0.584511 0.593100 0.590137 0.585648 0.583279 0.572256 0.564818 0.587091 0.598814 0.586633 0.599191 0.587223,0 0 0 0 0 0 0 0 1 1 1 1,2,True,False
3,O3:19,3,possible,0.5980063676834106,0.5980063676834106,0.5980063676834106,0.5980063676834106,0.5921855121850967,0.5980063676834106,0.0060722073540091515,O3,O3,intphys-dev,12,4,832.0,0.586877 0.594598 0.590330 0.585738 0.583603 0.573596 0.567093 0.588481 0.597825 0.585688 0.598006 0.587223,0.586877 0.594598 0.590330 0.585738 0.583603 0.573596 0.567093 0.588481 0.582111 0.585688 0.598006 0.587223,0.586877 0.594598 0.590330 0.585738 0.583603 0.573596 0.567093 0.588481 0.597825 0.585688 0.598006 0.587223,0 0 0 0 0 0 0 0 1 1 1 1,4,True,False
4,O3:19,3,impossible,0.6002094745635986,0.6002094745635986,0.6002094745635986,0.6002094745635986,0.5920844078063965,0.6002094745635986,0.006072566378861666,O3,O3,intphys-dev,12,4,832.0,0.586877 0.594598 0.590330 0.585738 0.583603 0.573596 0.567093 0.588481 0.600048 0.586973 0.600209 0.581107,0.586877 0.594598 0.590330 0.585738 0.583603 0.573596 0.567093 0.588481 0.583185 0.586973 0.600209 0.581107,0.586877 0.594598 0.590330 0.585738 0.583603 0.573596 0.567093 0.588481 0.600048 0.586973 0.600209 0.581107,0 0 0 0 0 0 0 0 1 1 1 1,3,True,False
2,O3:20,2,possible,0.5826340317726135,0.6068425178527832,0.5826340317726135,0.5826340317726135,0.5749110877513885,0.6068425178527832,0.011318789795041084,O3,O3,intphys-dev,12,2,512.0,0.606843 0.593783 0.589906 0.578147 0.582647 0.582634 0.567188 0.570975 0.570913 0.590533 0.586684 0.591297,0.606843 0.593783 0.589906 0.578147 0.582647 0.575764 0.574907 0.570975 0.570913 0.590533 0.586684 0.591297,0.606843 0.593783 0.589906 0.578147 0.582647 0.582634 0.567188 0.570975 0.570913 0.590533 0.586684 0.591297,0 0 0 0 0 1 1 0 0 0 0 0,1,True,False
1,O3:20,2,impossible,0.5837758183479309,0.6068425178527832,0.5837758183479309,0.5837758183479309,0.5776295363903046,0.6068425178527832,0.011317726224660873,O3,O3,intphys-dev,12,2,512.0,0.606843 0.593783 0.589906 0.578147 0.582647 0.583776 0.571483 0.572320 0.570913 0.590533 0.586684 0.591297,0.606843 0.593783 0.589906 0.578147 0.582647 0.576780 0.576349 0.572320 0.570913 0.590533 0.586684 0.591297,0.606843 0.593783 0.589906 0.578147 0.582647 0.583776 0.571483 0.572320 0.570913 0.590533 0.586684 0.591297,0 0 0 0 0 1 1 0 0 0 0 0,2,True,False
3,O3:20,3,possible,0.5859240293502808,0.6068538427352905,0.5859240293502808,0.5859240293502808,0.5778584182262421,0.6068538427352905,0.011317665688693523,O3,O3,intphys-dev,12,2,512.0,0.606854 0.593012 0.590246 0.576881 0.583948 0.585924 0.569793 0.575859 0.572674 0.588787 0.586358 0.591413,0.606854 0.593012 0.590246 0.576881 0.583948 0.578462 0.576842 0.575859 0.572674 0.588787 0.586358 0.591413,0.606854 0.593012 0.590246 0.576881 0.583948 0.585924 0.569793 0.575859 0.572674 0.588787 0.586358 0.591413,0 0 0 0 0 1 1 0 0 0 0 0,4,True,False
4,O3:20,3,impossible,0.5843045711517334,0.6068538427352905,0.5843045711517334,0.5843045711517334,0.5769540667533875,0.6068538427352905,0.011318341828882694,O3,O3,intphys-dev,12,2,512.0,0.606854 0.593012 0.590246 0.576881 0.583948 0.584305 0.569604 0.574734 0.572674 0.588787 0.586358 0.591413,0.606854 0.593012 0.590246 0.576881 0.583948 0.577954 0.576324 0.574734 0.572674 0.588787 0.586358 0.591413,0.606854 0.593012 0.590246 0.576881 0.583948 0.584305 0.569604 0.574734 0.572674 0.588787 0.586358 0.591413,0 0 0 0 0 1 1 0 0 0 0 0,3,True,False
1,O3:21,1,possible,0.5933245420455933,0.5851129293441772,0.5933245420455933,0.5933245420455933,0.5882461369037628,0.5851129293441772,0.0014677587896585464,O3,O3,intphys-dev,12,2,768.0,0.568934 0.568934 0.568934 0.583562 0.593325 0.583168 0.571184 0.568709 0.570404 0.568934 0.568934 0.568934,0.568934 0.568934 0.568934 0.583562 0.585113 0.583168 0.571184 0.568709 0.570404 0.568934 0.568934 0.568934,0.568934 0.568934 0.568934 0.583562 0.593325 0.583168 0.571184 0.568709 0.570404 0.568934 0.568934 0.568934,0 0 0 0 1 1 0 0 0 0 0 0,2,True,False
2,O3:21,1,impossible,0.5932663679122925,0.5849120616912842,0.5932663679122925,0.5932663679122925,0.5887500047683716,0.5849120616912842,0.0014882526593282819,O3,O3,intphys-dev,12,2,768.0,0.568934 0.568934 0.568934 0.583562 0.593266 0.584234 0.574278 0.568709 0.570404 0.568934 0.568934 0.568934,0.568934 0.568934 0.568934 0.583562 0.584912 0.584234 0.574278 0.568709 0.570404 0.568934 0.568934 0.568934,0.568934 0.568934 0.568934 0.583562 0.593266 0.584234 0.574278 0.568709 0.570404 0.568934 0.568934 0.568934,0 0 0 0 1 1 0 0 0 0 0 0,1,True,False
3,O3:21,3,possible,0.604683518409729,0.5874974131584167,0.604683518409729,0.604683518409729,0.5951722860336304,0.5874974131584167,0.0013680096017196774,O3,O3,intphys-dev,12,2,768.0,0.569832 0.569832 0.569832 0.569686 0.604684 0.585661 0.577234 0.569547 0.564413 0.569832 0.569832 0.569832,0.569832 0.569832 0.569832 0.569686 0.587497 0.585661 0.577234 0.569547 0.564413 0.569832 0.569832 0.569832,0.569832 0.569832 0.569832 0.569686 0.604684 0.585661 0.577234 0.569547 0.564413 0.569832 0.569832 0.569832,0 0 0 0 1 1 0 0 0 0 0 0,4,True,False
4,O3:21,3,impossible,0.6088184118270874,0.5946372151374817,0.6088184118270874,0.6088184118270874,0.5955776572227478,0.5946372151374817,0.0013500087661668658,O3,O3,intphys-dev,12,2,768.0,0.569832 0.569832 0.569832 0.569686 0.608818 0.582337 0.576790 0.569547 0.564413 0.569832 0.569832 0.569832,0.569832 0.569832 0.569832 0.569686 0.594637 0.582337 0.576790 0.569547 0.564413 0.569832 0.569832 0.569832,0.569832 0.569832 0.569832 0.569686 0.608818 0.582337 0.576790 0.569547 0.564413 0.569832 0.569832 0.569832,0 0 0 0 1 1 0 0 0 0 0 0,3,True,False
2,O3:22,2,possible,0.6148043274879456,0.6230350136756897,0.6148043274879456,0.6148043274879456,0.5941067785024643,0.6230350136756897,0.012013569474220276,O3,O3,intphys-dev,12,4,1024.0,0.614804 0.603343 0.588811 0.569468 0.569035 0.567044 0.563329 0.560600 0.570505 0.623035 0.583927 0.597453,0.614804 0.603343 0.588811 0.569468 0.569035 0.567044 0.563329 0.560600 0.570505 0.623035 0.583927 0.597453,0.614804 0.603343 0.588811 0.569468 0.569035 0.567044 0.563329 0.560600 0.570505 0.623035 0.583927 0.597453,1 1 1 1 0 0 0 0 0 0 0 0,4,True,False
4,O3:22,2,impossible,0.6145426034927368,0.6230350136756897,0.6145426034927368,0.6145426034927368,0.589476615190506,0.6230350136756897,0.011922969482839108,O3,O3,intphys-dev,12,4,1024.0,0.614543 0.601741 0.579601 0.562022 0.589573 0.567044 0.563329 0.560600 0.570505 0.623035 0.583927 0.597453,0.614543 0.601741 0.579601 0.562022 0.589573 0.567044 0.563329 0.560600 0.570505 0.623035 0.583927 0.597453,0.614543 0.601741 0.579601 0.562022 0.589573 0.567044 0.563329 0.560600 0.570505 0.623035 0.583927 0.597453,1 1 1 1 0 0 0 0 0 0 0 0,2,True,False
3,O3:22,3,possible,0.6145426034927368,0.6145426034927368,0.6145426034927368,0.6145426034927368,0.589476615190506,0.6145426034927368,0.01200195588171482,O3,O3,intphys-dev,12,4,1024.0,0.614543 0.601741 0.579601 0.562022 0.572671 0.572650 0.576168 0.562139 0.569915 0.609004 0.582218 0.596888,0.614543 0.601741 0.579601 0.562022 0.572671 0.572650 0.576168 0.562139 0.569915 0.609004 0.582218 0.596888,0.614543 0.601741 0.579601 0.562022 0.572671 0.572650 0.576168 0.562139 0.569915 0.609004 0.582218 0.596888,1 1 1 1 0 0 0 0 0 0 0 0,1,True,False
1,O3:22,3,impossible,0.6148043274879456,0.6148043870925903,0.6148043274879456,0.6148043274879456,0.5941067785024643,0.6148043870925903,0.01209260243922472,O3,O3,intphys-dev,12,4,1024.0,0.614804 0.603343 0.588811 0.569468 0.567852 0.572650 0.576168 0.562139 0.569915 0.609004 0.582218 0.596888,0.614804 0.603343 0.588811 0.569468 0.567852 0.572650 0.576168 0.562139 0.569915 0.609004 0.582218 0.596888,0.614804 0.603343 0.588811 0.569468 0.567852 0.572650 0.576168 0.562139 0.569915 0.609004 0.582218 0.596888,1 1 1 1 0 0 0 0 0 0 0 0,3,True,False
1,O3:23,1,possible,0.6204444169998169,0.6204444169998169,0.6204444169998169,0.6204444169998169,0.5920583844184876,0.6204444169998169,0.012936191633343697,O3,O3,intphys-dev,12,5,921.6,0.620444 0.603897 0.591246 0.579390 0.565314 0.573801 0.567184 0.562899 0.573392 0.599835 0.585927 0.586614,0.620444 0.603897 0.591246 0.579390 0.578324 0.573801 0.567184 0.562899 0.573392 0.599835 0.585927 0.586614,0.620444 0.603897 0.591246 0.579390 0.565314 0.573801 0.567184 0.562899 0.573392 0.599835 0.585927 0.586614,1 1 1 1 1 0 0 0 0 0 0 0,4,True,False
4,O3:23,1,impossible,0.6182171702384949,0.6182171702384949,0.6182171702384949,0.6182171702384949,0.5901199579238892,0.6182171702384949,0.01273919828236103,O3,O3,intphys-dev,12,5,921.6,0.618217 0.604266 0.591812 0.572307 0.563998 0.574117 0.567184 0.562899 0.573392 0.599835 0.585927 0.586614,0.618217 0.604266 0.591812 0.572307 0.578524 0.574117 0.567184 0.562899 0.573392 0.599835 0.585927 0.586614,0.618217 0.604266 0.591812 0.572307 0.563998 0.574117 0.567184 0.562899 0.573392 0.599835 0.585927 0.586614,1 1 1 1 1 0 0 0 0 0 0 0,1,True,False
3,O3:23,3,possible,0.6182171702384949,0.6182171702384949,0.6182171702384949,0.6182171702384949,0.5900092005729676,0.6182171702384949,0.012884761206805706,O3,O3,intphys-dev,12,5,921.6,0.618217 0.604266 0.591812 0.572307 0.563444 0.574140 0.584150 0.571446 0.575938 0.591384 0.583668 0.586848,0.618217 0.604266 0.591812 0.572307 0.574863 0.574140 0.584150 0.571446 0.575938 0.591384 0.583668 0.586848,0.618217 0.604266 0.591812 0.572307 0.563444 0.574140 0.584150 0.571446 0.575938 0.591384 0.583668 0.586848,1 1 1 1 1 0 0 0 0 0 0 0,2,True,False
2,O3:23,3,impossible,0.6204444169998169,0.6204444169998169,0.6204444169998169,0.6204444169998169,0.5923630118370056,0.6204444169998169,0.013082832098007202,O3,O3,intphys-dev,12,5,921.6,0.620444 0.603897 0.591246 0.579390 0.566837 0.574666 0.584150 0.571446 0.575938 0.591384 0.583668 0.586848,0.620444 0.603897 0.591246 0.579390 0.576167 0.574666 0.584150 0.571446 0.575938 0.591384 0.583668 0.586848,0.620444 0.603897 0.591246 0.579390 0.566837 0.574666 0.584150 0.571446 0.575938 0.591384 0.583668 0.586848,1 1 1 1 1 0 0 0 0 0 0 0,3,True,False
1,O3:24,1,possible,0.6179166436195374,0.6179166436195374,0.6179166436195374,0.6179166436195374,0.5891878128051757,0.6179166436195374,0.011030526831746101,O3,O3,intphys-dev,12,5,921.6,0.617917 0.601074 0.594702 0.571981 0.560266 0.566357 0.562317 0.555901 0.557296 0.596475 0.593455 0.590756,0.617917 0.601074 0.594702 0.571981 0.574147 0.566357 0.562317 0.555901 0.557296 0.596475 0.593455 0.590756,0.617917 0.601074 0.594702 0.571981 0.560266 0.566357 0.562317 0.555901 0.557296 0.596475 0.593455 0.590756,1 1 1 1 1 0 0 0 0 0 0 0,3,True,False
3,O3:24,1,impossible,0.6166734099388123,0.6166734099388123,0.6166734099388123,0.6166734099388123,0.5887600898742675,0.6166734099388123,0.010850568301975727,O3,O3,intphys-dev,12,5,921.6,0.616673 0.602574 0.593888 0.568787 0.561879 0.566736 0.562317 0.555901 0.557296 0.596475 0.593455 0.590756,0.616673 0.602574 0.593888 0.568787 0.575288 0.566736 0.562317 0.555901 0.557296 0.596475 0.593455 0.590756,0.616673 0.602574 0.593888 0.568787 0.561879 0.566736 0.562317 0.555901 0.557296 0.596475 0.593455 0.590756,1 1 1 1 1 0 0 0 0 0 0 0,1,True,False
2,O3:24,2,possible,0.6166734099388123,0.6166734099388123,0.6166734099388123,0.6166734099388123,0.5884622097015381,0.6166734099388123,0.011077840812504292,O3,O3,intphys-dev,12,5,921.6,0.616673 0.602574 0.593888 0.568787 0.560389 0.570437 0.576441 0.565889 0.564581 0.591020 0.591498 0.591046,0.616673 0.602574 0.593888 0.568787 0.570028 0.570437 0.576441 0.565889 0.564581 0.591020 0.591498 0.591046,0.616673 0.602574 0.593888 0.568787 0.560389 0.570437 0.576441 0.565889 0.564581 0.591020 0.591498 0.591046,1 1 1 1 1 0 0 0 0 0 0 0,4,True,False
4,O3:24,2,impossible,0.6179166436195374,0.6179166436195374,0.6179166436195374,0.6179166436195374,0.5893740892410279,0.6179166436195374,0.011257948353886604,O3,O3,intphys-dev,12,5,921.6,0.617917 0.601074 0.594702 0.571981 0.561198 0.569824 0.576441 0.565889 0.564581 0.591020 0.591498 0.591046,0.617917 0.601074 0.594702 0.571981 0.570198 0.569824 0.576441 0.565889 0.564581 0.591020 0.591498 0.591046,0.617917 0.601074 0.594702 0.571981 0.561198 0.569824 0.576441 0.565889 0.564581 0.591020 0.591498 0.591046,1 1 1 1 1 0 0 0 0 0 0 0,2,True,False
1,O3:25,1,possible,0.5860537886619568,0.5833492875099182,0.5860537886619568,0.5860537886619568,0.5795199871063232,0.5833492875099182,0.0017200204310938716,O3,O3,intphys-dev,12,2,512.0,0.559319 0.559319 0.559319 0.580860 0.586054 0.572986 0.570798 0.568384 0.563147 0.559872 0.554465 0.559319,0.559319 0.559319 0.559319 0.580860 0.583349 0.580931 0.570798 0.568384 0.563147 0.559872 0.554465 0.559319,0.559319 0.559319 0.559319 0.580860 0.586054 0.572986 0.570798 0.568384 0.563147 0.559872 0.554465 0.559319,0 0 0 0 1 1 0 0 0 0 0 0,2,True,False
2,O3:25,1,impossible,0.5878013968467712,0.58521968126297,0.5878013968467712,0.5878013968467712,0.5828402042388916,0.58521968126297,0.0017243502661585808,O3,O3,intphys-dev,12,2,512.0,0.559319 0.559319 0.559319 0.580860 0.587801 0.577879 0.570561 0.568384 0.563147 0.559872 0.554465 0.559319,0.559319 0.559319 0.559319 0.580860 0.585220 0.582921 0.570561 0.568384 0.563147 0.559872 0.554465 0.559319,0.559319 0.559319 0.559319 0.580860 0.587801 0.577879 0.570561 0.568384 0.563147 0.559872 0.554465 0.559319,0 0 0 0 1 1 0 0 0 0 0 0,1,True,False
3,O3:25,3,possible,0.6030935049057007,0.5973162651062012,0.6030935049057007,0.6030935049057007,0.590400367975235,0.5973162651062012,0.0016783447936177254,O3,O3,intphys-dev,12,2,512.0,0.557920 0.557920 0.557920 0.555668 0.603094 0.577707 0.571772 0.568058 0.562858 0.558463 0.553296 0.557920,0.557920 0.557920 0.557920 0.555668 0.597316 0.586940 0.571772 0.568058 0.562858 0.558463 0.553296 0.557920,0.557920 0.557920 0.557920 0.555668 0.603094 0.577707 0.571772 0.568058 0.562858 0.558463 0.553296 0.557920,0 0 0 0 1 1 0 0 0 0 0 0,4,True,False
4,O3:25,3,impossible,0.6064628958702087,0.6025817394256592,0.6064628958702087,0.6064628958702087,0.5929467678070068,0.6025817394256592,0.0016749672358855605,O3,O3,intphys-dev,12,2,512.0,0.557920 0.557920 0.557920 0.555668 0.606463 0.579431 0.571665 0.568058 0.562858 0.558463 0.553296 0.557920,0.557920 0.557920 0.557920 0.555668 0.602582 0.584435 0.571665 0.568058 0.562858 0.558463 0.553296 0.557920,0.557920 0.557920 0.557920 0.555668 0.606463 0.579431 0.571665 0.568058 0.562858 0.558463 0.553296 0.557920,0 0 0 0 1 1 0 0 0 0 0 0,3,True,False
2,O3:26,2,possible,0.5607109069824219,0.5607109069824219,0.5607109069824219,0.5607109069824219,0.5587978363037109,0.5607109069824219,0.0011676240246742964,O3,O3,intphys-dev,12,3,768.0,0.560711 0.560711 0.554972 0.558643 0.558643 0.558643 0.558643 0.558643 0.558643 0.560711 0.560711 0.560711,0.560711 0.560711 0.560711 0.558643 0.558643 0.558643 0.558643 0.558643 0.558643 0.560711 0.560711 0.560711,0.560711 0.560711 0.554972 0.558643 0.558643 0.558643 0.558643 0.558643 0.558643 0.560711 0.560711 0.560711,1 1 1 0 0 0 0 0 0 0 0 0,1,True,False
1,O3:26,2,impossible,0.5758984088897705,0.5640466809272766,0.5758984088897705,0.5758984088897705,0.5635400215784708,0.5640466809272766,0.0012040711008012295,O3,O3,intphys-dev,12,3,768.0,0.557361 0.557361 0.575898 0.557670 0.558643 0.558643 0.558643 0.558643 0.558643 0.560711 0.560711 0.560711,0.557361 0.557361 0.564047 0.557670 0.558643 0.558643 0.558643 0.558643 0.558643 0.560711 0.560711 0.560711,0.557361 0.557361 0.575898 0.557670 0.558643 0.558643 0.558643 0.558643 0.558643 0.560711 0.560711 0.560711,1 1 1 0 0 0 0 0 0 0 0 0,2,True,False
3,O3:26,3,possible,0.557360827922821,0.5573607683181763,0.557360827922821,0.557360827922821,0.55515984694163,0.5573607683181763,0.0011752118589356542,O3,O3,intphys-dev,12,3,768.0,0.557361 0.557361 0.550758 0.556606 0.556606 0.556606 0.556606 0.556606 0.556606 0.557361 0.557361 0.557361,0.557361 0.557361 0.557361 0.556606 0.556606 0.556606 0.556606 0.556606 0.556606 0.557361 0.557361 0.557361,0.557361 0.557361 0.550758 0.556606 0.556606 0.556606 0.556606 0.556606 0.556606 0.557361 0.557361 0.557361,1 1 1 0 0 0 0 0 0 0 0 0,4,True,False
4,O3:26,3,impossible,0.5785287618637085,0.5675903558731079,0.5785287618637085,0.5785287618637085,0.5666501919428507,0.5675903558731079,0.0012079455191269517,O3,O3,intphys-dev,12,3,768.0,0.560711 0.560711 0.578529 0.555168 0.556606 0.556606 0.556606 0.556606 0.556606 0.557361 0.557361 0.557361,0.560711 0.560711 0.567590 0.555168 0.556606 0.556606 0.556606 0.556606 0.556606 0.557361 0.557361 0.557361,0.560711 0.560711 0.578529 0.555168 0.556606 0.556606 0.556606 0.556606 0.556606 0.557361 0.557361 0.557361,1 1 1 0 0 0 0 0 0 0 0 0,3,True,False
2,O3:27,2,possible,0.5666378140449524,0.5679098963737488,0.5666378140449524,0.5666378140449524,0.5660035610198975,0.5679098963737488,0.0011711774859577417,O3,O3,intphys-dev,12,2,896.0,0.566638 0.565369 0.567011 0.567910 0.567910 0.567910 0.567910 0.567910 0.567910 0.566591 0.566591 0.566591,0.566638 0.566714 0.567011 0.567910 0.567910 0.567910 0.567910 0.567910 0.567910 0.566591 0.566591 0.566591,0.566638 0.565369 0.567011 0.567910 0.567910 0.567910 0.567910 0.567910 0.567910 0.566591 0.566591 0.566591,1 1 0 0 0 0 0 0 0 0 0 0,3,True,False
3,O3:27,2,impossible,0.5732497572898865,0.5756123065948486,0.5732497572898865,0.5732497572898865,0.5706508457660675,0.5756123065948486,0.0011915776412934065,O3,O3,intphys-dev,12,2,896.0,0.568052 0.573250 0.569691 0.567910 0.567910 0.567910 0.567910 0.567910 0.567910 0.566591 0.566591 0.566591,0.568052 0.575612 0.569691 0.567910 0.567910 0.567910 0.567910 0.567910 0.567910 0.566591 0.566591 0.566591,0.568052 0.573250 0.569691 0.567910 0.567910 0.567910 0.567910 0.567910 0.567910 0.566591 0.566591 0.566591,1 1 0 0 0 0 0 0 0 0 0 0,2,True,False
4,O3:27,4,possible,0.5680519342422485,0.5681000351905823,0.5680519342422485,0.5680519342422485,0.5669635832309723,0.5681000351905823,0.001175581943243742,O3,O3,intphys-dev,12,2,896.0,0.568052 0.565875 0.568100 0.567659 0.567659 0.567659 0.567659 0.567659 0.567659 0.568100 0.568100 0.568100,0.568052 0.568100 0.568100 0.567659 0.567659 0.567659 0.567659 0.567659 0.567659 0.568100 0.568100 0.568100,0.568052 0.565875 0.568100 0.567659 0.567659 0.567659 0.567659 0.567659 0.567659 0.568100 0.568100 0.568100,1 1 0 0 0 0 0 0 0 0 0 0,1,True,False
1,O3:27,4,impossible,0.5737193822860718,0.5753527283668518,0.5737193822860718,0.5737193822860718,0.5701785981655121,0.5753527283668518,0.0011939735850319266,O3,O3,intphys-dev,12,2,896.0,0.566638 0.573719 0.569965 0.567659 0.567659 0.567659 0.567659 0.567659 0.567659 0.568100 0.568100 0.568100,0.566638 0.575353 0.569965 0.567659 0.567659 0.567659 0.567659 0.567659 0.567659 0.568100 0.568100 0.568100,0.566638 0.573719 0.569965 0.567659 0.567659 0.567659 0.567659 0.567659 0.567659 0.568100 0.568100 0.568100,1 1 0 0 0 0 0 0 0 0 0 0,4,True,False
1,O3:28,1,possible,0.5881511569023132,0.5915045738220215,0.5881511569023132,0.5881511569023132,0.5643896034785679,0.5915045738220215,0.00200163247063756,O3,O3,intphys-dev,12,7,950.8571428571429,0.558714 0.558714 0.558714 0.560581 0.591505 0.588151 0.572504 0.558530 0.555388 0.558841 0.558680 0.558633,0.558714 0.558714 0.558714 0.560581 0.591505 0.579402 0.572504 0.558530 0.555388 0.558841 0.558680 0.558633,0.558714 0.558714 0.558714 0.560581 0.591505 0.588151 0.572504 0.558530 0.555388 0.558841 0.558680 0.558633,0 0 0 0 0 1 1 1 1 1 1 1,3,True,False
3,O3:28,1,impossible,0.5882172584533691,0.5915045738220215,0.5882172584533691,0.5882172584533691,0.5646308490208217,0.5915045738220215,0.001824761158786714,O3,O3,intphys-dev,12,7,950.8571428571429,0.558714 0.558714 0.558714 0.560581 0.591505 0.588217 0.562594 0.559800 0.561520 0.560342 0.560019 0.559923,0.558714 0.558714 0.558714 0.560581 0.591505 0.578851 0.562594 0.559800 0.561520 0.560342 0.560019 0.559923,0.558714 0.558714 0.558714 0.560581 0.591505 0.588217 0.562594 0.559800 0.561520 0.560342 0.560019 0.559923,0 0 0 0 0 1 1 1 1 1 1 1,1,True,False
4,O3:28,4,possible,0.5829423666000366,0.5863016843795776,0.5829423666000366,0.5829423666000366,0.5638154234204974,0.5863016843795776,0.001985518028959632,O3,O3,intphys-dev,12,7,950.8571428571429,0.560183 0.560183 0.560183 0.586302 0.581902 0.582942 0.562161 0.559800 0.561520 0.560342 0.560019 0.559923,0.560183 0.560183 0.560183 0.586302 0.581902 0.573038 0.562161 0.559800 0.561520 0.560342 0.560019 0.559923,0.560183 0.560183 0.560183 0.586302 0.581902 0.582942 0.562161 0.559800 0.561520 0.560342 0.560019 0.559923,0 0 0 0 0 1 1 1 1 1 1 1,2,True,False
2,O3:28,4,impossible,0.5880763530731201,0.5863016843795776,0.5880763530731201,0.5880763530731201,0.5643304330962045,0.5863016843795776,0.002175537869334221,O3,O3,intphys-dev,12,7,950.8571428571429,0.560183 0.560183 0.560183 0.586302 0.581902 0.588076 0.572164 0.558530 0.555388 0.558841 0.558680 0.558633,0.560183 0.560183 0.560183 0.586302 0.581902 0.577349 0.572164 0.558530 0.555388 0.558841 0.558680 0.558633,0.560183 0.560183 0.560183 0.586302 0.581902 0.588076 0.572164 0.558530 0.555388 0.558841 0.558680 0.558633,0 0 0 0 0 1 1 1 1 1 1 1,4,True,False
2,O3:29,2,possible,0.5835520029067993,0.6155818700790405,0.5835520029067993,0.5835520029067993,0.5728930830955505,0.6155818700790405,0.00842750072479248,O3,O3,intphys-dev,12,3,682.6666666666666,0.606472 0.592501 0.590439 0.579912 0.583552 0.572935 0.562192 0.569834 0.570276 0.615582 0.591906 0.597700,0.606472 0.592501 0.590439 0.579912 0.574515 0.572935 0.569633 0.569834 0.570276 0.615582 0.591906 0.597700,0.606472 0.592501 0.590439 0.579912 0.583552 0.572935 0.562192 0.569834 0.570276 0.615582 0.591906 0.597700,0 0 0 0 1 1 1 0 0 0 0 0,1,True,False
1,O3:29,2,impossible,0.5848839282989502,0.6155818700790405,0.5848839282989502,0.5848839282989502,0.5733636418978373,0.6155818700790405,0.008428692817687988,O3,O3,intphys-dev,12,3,682.6666666666666,0.606472 0.592501 0.590439 0.579912 0.584884 0.572751 0.562456 0.570117 0.570276 0.615582 0.591906 0.597700,0.606472 0.592501 0.590439 0.579912 0.576089 0.572751 0.569353 0.570117 0.570276 0.615582 0.591906 0.597700,0.606472 0.592501 0.590439 0.579912 0.584884 0.572751 0.562456 0.570117 0.570276 0.615582 0.591906 0.597700,0 0 0 0 1 1 1 0 0 0 0 0,2,True,False
4,O3:29,4,possible,0.5829280614852905,0.6161739826202393,0.5829280614852905,0.5829280614852905,0.5733365019162496,0.6161739826202393,0.008438460528850555,O3,O3,intphys-dev,12,3,682.6666666666666,0.607278 0.592549 0.590342 0.580858 0.582928 0.572335 0.564746 0.568401 0.570088 0.616174 0.593314 0.597080,0.607278 0.592549 0.590342 0.580858 0.574068 0.572335 0.570611 0.568401 0.570088 0.616174 0.593314 0.597080,0.607278 0.592549 0.590342 0.580858 0.582928 0.572335 0.564746 0.568401 0.570088 0.616174 0.593314 0.597080,0 0 0 0 1 1 1 0 0 0 0 0,3,True,False
3,O3:29,4,impossible,0.5826515555381775,0.6161739826202393,0.5826515555381775,0.5826515555381775,0.5728819966316223,0.6161739826202393,0.008437339216470718,O3,O3,intphys-dev,12,3,682.6666666666666,0.607278 0.592549 0.590342 0.580858 0.582652 0.573385 0.562609 0.568654 0.570088 0.616174 0.593314 0.597080,0.607278 0.592549 0.590342 0.580858 0.573203 0.573385 0.570123 0.568654 0.570088 0.616174 0.593314 0.597080,0.607278 0.592549 0.590342 0.580858 0.582652 0.573385 0.562609 0.568654 0.570088 0.616174 0.593314 0.597080,0 0 0 0 1 1 1 0 0 0 0 0,4,True,False
1,O3:30,1,possible,0.6169478297233582,0.6169478893280029,0.6169478297233582,0.6169478297233582,0.5917448848485947,0.6169478893280029,0.010507763363420963,O3,O3,intphys-dev,12,4,832.0,0.616948 0.599235 0.589353 0.561444 0.568927 0.560637 0.558774 0.561331 0.561074 0.603164 0.589029 0.585087,0.616948 0.599235 0.589353 0.571350 0.568927 0.560637 0.558774 0.561331 0.561074 0.603164 0.589029 0.585087,0.616948 0.599235 0.589353 0.561444 0.568927 0.560637 0.558774 0.561331 0.561074 0.603164 0.589029 0.585087,1 1 1 1 0 0 0 0 0 0 0 0,2,True,False
2,O3:30,1,impossible,0.6178345084190369,0.6178344488143921,0.6178345084190369,0.6178345084190369,0.5918725728988647,0.6178344488143921,0.010314194485545158,O3,O3,intphys-dev,12,4,832.0,0.617835 0.599866 0.582004 0.567786 0.570665 0.560637 0.558774 0.561331 0.561074 0.603164 0.589029 0.585087,0.617834 0.599866 0.582004 0.582901 0.570665 0.560637 0.558774 0.561331 0.561074 0.603164 0.589029 0.585087,0.617835 0.599866 0.582004 0.567786 0.570665 0.560637 0.558774 0.561331 0.561074 0.603164 0.589029 0.585087,1 1 1 1 0 0 0 0 0 0 0 0,1,True,False
3,O3:30,3,possible,0.6178345084190369,0.6178344488143921,0.6178345084190369,0.6178345084190369,0.5893081575632095,0.6178344488143921,0.010433667339384556,O3,O3,intphys-dev,12,4,832.0,0.617835 0.599866 0.582004 0.557528 0.582234 0.580727 0.568845 0.562689 0.560048 0.601497 0.588399 0.585567,0.617834 0.599866 0.582004 0.566502 0.582234 0.580727 0.568845 0.562689 0.560048 0.601497 0.588399 0.585567,0.617835 0.599866 0.582004 0.557528 0.582234 0.580727 0.568845 0.562689 0.560048 0.601497 0.588399 0.585567,1 1 1 1 0 0 0 0 0 0 0 0,4,True,False
4,O3:30,3,impossible,0.6169478297233582,0.6169478893280029,0.6169478297233582,0.6169478297233582,0.5916365385055542,0.6169478893280029,0.010628033429384232,O3,O3,intphys-dev,12,4,832.0,0.616948 0.599235 0.589353 0.561011 0.578937 0.580727 0.568845 0.562689 0.560048 0.601497 0.588399 0.585567,0.616948 0.599235 0.589353 0.566646 0.578937 0.580727 0.568845 0.562689 0.560048 0.601497 0.588399 0.585567,0.616948 0.599235 0.589353 0.561011 0.578937 0.580727 0.568845 0.562689 0.560048 0.601497 0.588399 0.585567,1 1 1 1 0 0 0 0 0 0 0 0,3,True,False
